[{"model": "sessions.session", "pk": "09lxn3751pw6gffj8kfgjfo6z734j3sj", "fields": {"session_data": ".eJxVjDEOwyAQBP9CHSGMgYOU6f0GBHcQnERYMnYV5e_Bkouk2WJ2dt_Mh30rfm9p9TOxK9Ps8stiwGeqR0GPUO8Lx6Vu6xz5ofCzbXxaKL1up_t3UEIrfT3IlIxGNKOBHoMVGpUyBBKSyAqItLLRSozZ5UgECgBcpNFih06wzxfY2TfG:1v3Biv:gnOxDOcvtGqY0LOnUUc9JPj1RX_yE0HFV58QO9JmDyU", "expire_date": "2025-10-13T11:07:17.630Z"}}, {"model": "sessions.session", "pk": "1tvpalgng61h5mv84qlg4c55nth9sjes", "fields": {"session_data": ".eJxVjDsOwjAQBe_iGlnG8WehpOcM1q53gwPIluKkQtwdIqWA9s3Me6mE61LS2mVOE6uzOqrD70aYH1I3wHest6Zzq8s8kd4UvdOur43ledndv4OCvXzrgSmOg2RyGYw1HrMFYbToRgEEA_4kHhi8MRgdMYkNgsFQtBCESb0_A_04uw:1v1PDF:1n3N48FJB4QXIoRkS34HXEHqsigAHcsSBRnePzLEqXc", "expire_date": "2025-10-08T13:07:13.103Z"}}, {"model": "sessions.session", "pk": "3zrz0jaatxgvql7bbuz1t0myiv12fg9g", "fields": {"session_data": ".eJxVjDsOwjAQBe_iGlnG8WehpOcM1q53gwPIluKkQtwdIqWA9s3Me6mE61LS2mVOE6uzOqrD70aYH1I3wHest6Zzq8s8kd4UvdOur43ledndv4OCvXzrgSmOg2RyGYw1HrMFYbToRgEEA_4kHhi8MRgdMYkNgsFQtBCESb0_A_04uw:1v1PTW:GaklX_G4Y_P5Bdtv5vfJPPmPinShioMkvEosH4cCTCM", "expire_date": "2025-10-08T13:24:02.668Z"}}, {"model": "sessions.session", "pk": "41pqn2ho35hu3jmyd3bl8b2gn528oxh3", "fields": {"session_data": ".eJxVjM0OwiAQhN-FsyFgKT8evfsMZHfZStVAUtqT8d2lSQ-azGm-b-YtImxrjlvjJc5JXMQoTr8dAj257CA9oNyrpFrWZUa5K_KgTd5q4tf1cP8OMrTc12yxB3VQJkyEA7Gxo0o2GOftWWl0DJ3q4D2jIwAdBmfcoC1PBoDE5wvtczgN:1v1QSQ:d5QuM7e2yP4YdJuvOdrtvb4OMDLVue1JwppW-MrIXr0", "expire_date": "2025-10-08T14:26:58.211Z"}}, {"model": "sessions.session", "pk": "4ug8crlcak67zffdwwkh03vyffuvvgpj", "fields": {"session_data": ".eJxVjDEOAiEQRe9CbQggI2Bp7xnIMAyyaiBZdivj3XWTLbT9773_EhHXpcZ18BynLM7CiMPvlpAe3DaQ79huXVJvyzwluSlyp0Nee-bnZXf_DiqO-q0DHA36gmQMOE9BOSqKFUEG61U4IamknU6KURevjfXMELRNVHRmcOL9AdhKN8w:1v3VoO:hI2Es9ZnAIqrRY3Ys7akcwL0-Q0nfjx1N85tes5LFTQ", "expire_date": "2025-10-14T08:34:16.421Z"}}, {"model": "sessions.session", "pk": "8ex5fn926cv0lqwwokq55yjmbd4e07nm", "fields": {"session_data": ".eJxVjMEOgjAQRP-lZ9N0l61bPHrnG5q2uwpqIKFwMv67kHDQ22Tem3mbmNalj2vVOQ5iLgbM6bfLqTx13IE80nifbJnGZR6y3RV70Gq7SfR1Pdy_gz7Vflsz3Dx5FGkcE3ORFpQ1SQkNims9MWkiRUFPW_YZoD0ThcDgHCCazxfGKzZT:1v1sFb:nb7mrib8qMnRwqdzpnh08s0sAxYj3Tc7L5xTVe5XZz0", "expire_date": "2025-10-09T20:07:35.314Z"}}, {"model": "sessions.session", "pk": "8m90np2mqgw9idgj6ia3ul2lusrshqfk", "fields": {"session_data": ".eJxVjMsOwiAQRf-FtSG8BZfu_QYyA4NUDSSlXRn_3TbpQrfnnHvfLMK61LgOmuOU2YVJzU6_ECE9qe0mP6DdO0-9LfOEfE_4YQe_9Uyv69H-HVQYdVuT9obQWuVsscpjLmepdBBGhCJD0H5DglICHyySpETOeBkKGpWcAWCfL_lSOBg:1v315V:UvyleW1ejxkWs5LqmrDl_onPnzHu0d3lD1K1YkX_M3E", "expire_date": "2025-10-12T23:45:53.893Z"}}, {"model": "sessions.session", "pk": "9911vgcuk4h1nzcgxjezncheenyieoib", "fields": {"session_data": ".eJxVjDEOwyAQBP9CHSGMgYOU6f0GBHcQnERYMnYV5e_Bkouk2WJ2dt_Mh30rfm9p9TOxK9Ps8stiwGeqR0GPUO8Lx6Vu6xz5ofCzbXxaKL1up_t3UEIrfT3IlIxGNKOBHoMVGpUyBBKSyAqItLLRSozZ5UgECgBcpNFih06wzxfY2TfG:1v38CP:HwlBkHRfy9BdfKM1dgn84ApU3yZQmklb6mcVxHSHx0k", "expire_date": "2025-10-13T07:21:29.128Z"}}, {"model": "sessions.session", "pk": "9q6zun67jdsrzyummpzupu4mls71smqz", "fields": {"session_data": ".eJxVjDsOwjAQBe_iGln-reNQ0nMGa9fe4ACypTipEHeHSCmgfTPzXiLitpa4dV7inMVZWHH63QjTg-sO8h3rrcnU6rrMJHdFHrTLa8v8vBzu30HBXr715ILFAA50GllnC84xANopeKOAWQdHhpMzg9EjeZ-ItPHBgwppUIji_QHF0DcR:1v3Dt1:bdT-O58umgE5lPL9bO41E2Me03PZ4-28US12kGFKWcg", "expire_date": "2025-10-13T13:25:51.255Z"}}, {"model": "sessions.session", "pk": "agsq7m1jkf0c4yg5w551w7pqvngzkarp", "fields": {"session_data": ".eJxVjMsOwiAQAP-FsyGUp_Xo3W8gy-4iVQNJaU_GfzckPeh1ZjJvEWHfStw7r3EhcRFanH5ZAnxyHYIeUO9NYqvbuiQ5EnnYLm-N-HU92r9BgV7GNuWEpCGZYNBrkxF5ct4GJufPnpSxk2Wj0AEkNSvNhLPKgdBC1sqJzxcAjDh1:1v1sIg:Izi084hiV1MNgdpoNr3C07rWQOBnGdxEtxRa8oEVUtA", "expire_date": "2025-10-09T20:10:46.673Z"}}, {"model": "sessions.session", "pk": "al63x39n18mq90u9z1koux9jtn5l447y", "fields": {"session_data": ".eJxVjDsOwjAQBe_iGln-reNQ0nMGa9fe4ACypTipEHeHSCmgfTPzXiLitpa4dV7inMVZWHH63QjTg-sO8h3rrcnU6rrMJHdFHrTLa8v8vBzu30HBXr715ILFAA50GllnC84xANopeKOAWQdHhpMzg9EjeZ-ItPHBgwppUIji_QHF0DcR:1v3hxf:95dPG7o4wqdiLBGLq0Kp1WzHc6-8axwte_m3TVgHd4M", "expire_date": "2025-10-14T21:32:39.351Z"}}, {"model": "sessions.session", "pk": "b3ump4jle2i1g92wsdlzrz9so1nsg6bn", "fields": {"session_data": ".eJxVjDEOwyAQBP9CHSGMgYOU6f0GBHcQnERYMnYV5e_Bkouk2WJ2dt_Mh30rfm9p9TOxK9Ps8stiwGeqR0GPUO8Lx6Vu6xz5ofCzbXxaKL1up_t3UEIrfT3IlIxGNKOBHoMVGpUyBBKSyAqItLLRSozZ5UgECgBcpNFih06wzxfY2TfG:1v3Df5:VknBDXFQNIwmp6gvQ6CqJf_Wrlz9f3CnRdn6_gCoDIw", "expire_date": "2025-10-13T13:11:27.579Z"}}, {"model": "sessions.session", "pk": "bqlw1qhpzkgqk00f0lrf3ugfid9ganct", "fields": {"session_data": ".eJxVjDEOwyAQBP9CHSGMgYOU6f0GBHcQnERYMnYV5e_Bkouk2WJ2dt_Mh30rfm9p9TOxK9Ps8stiwGeqR0GPUO8Lx6Vu6xz5ofCzbXxaKL1up_t3UEIrfT3IlIxGNKOBHoMVGpUyBBKSyAqItLLRSozZ5UgECgBcpNFih06wzxfY2TfG:1v3DeQ:IADasLUtvIxJLG0eeYUholwzEiLt6MVu6-_6Cxc-qOk", "expire_date": "2025-10-13T13:10:46.719Z"}}, {"model": "sessions.session", "pk": "c6388oumgpxyk12mudv4j89697kgx8u0", "fields": {"session_data": ".eJxVjDEOAiEQRe9CbQggI2Bp7xnIMAyyaiBZdivj3XWTLbT9773_EhHXpcZ18BynLM7CiMPvlpAe3DaQ79huXVJvyzwluSlyp0Nee-bnZXf_DiqO-q0DHA36gmQMOE9BOSqKFUEG61U4IamknU6KURevjfXMELRNVHRmcOL9AdhKN8w:1v3VnO:UJeJouRN3hyIuhWVFffxfo-D0xeSrQQtEzmH2Joirhg", "expire_date": "2025-10-14T08:33:14.625Z"}}, {"model": "sessions.session", "pk": "d34oppa1rowhpegfxqi7yzr7zv9ixo4z", "fields": {"session_data": ".eJxVjM0OwiAQhN-FsyFgKT8evfsMZHfZStVAUtqT8d2lSQ-azGm-b-YtImxrjlvjJc5JXMQoTr8dAj257CA9oNyrpFrWZUa5K_KgTd5q4tf1cP8OMrTc12yxB3VQJkyEA7Gxo0o2GOftWWl0DJ3q4D2jIwAdBmfcoC1PBoDE5wvtczgN:1v1QSt:UcTv3mRyQI6HKkxatEsFEjJM4Z4T2GuiuptwWFi9YRA", "expire_date": "2025-10-08T14:27:27.735Z"}}, {"model": "sessions.session", "pk": "dizq04hfzv3b25nvjj8edqae25hjyxcy", "fields": {"session_data": ".eJxVjMsOwiAQRf-FtSG8BZfu_QYyA4NUDSSlXRn_3TbpQrfnnHvfLMK61LgOmuOU2YVJzU6_ECE9qe0mP6DdO0-9LfOEfE_4YQe_9Uyv69H-HVQYdVuT9obQWuVsscpjLmepdBBGhCJD0H5DglICHyySpETOeBkKGpWcAWCfL_lSOBg:1v313w:b34u0i7y3dg1TUadZtk6Q6k4ejMS3mb1IyXMSi07X5E", "expire_date": "2025-10-12T23:44:16.974Z"}}, {"model": "sessions.session", "pk": "f5vsl3sp8ukbtwi43pgqgyuetje3hmw7", "fields": {"session_data": ".eJxVjDsOwjAQBe_iGln-reNQ0nMGa9fe4ACypTipEHeHSCmgfTPzXiLitpa4dV7inMVZWHH63QjTg-sO8h3rrcnU6rrMJHdFHrTLa8v8vBzu30HBXr715ILFAA50GllnC84xANopeKOAWQdHhpMzg9EjeZ-ItPHBgwppUIji_QHF0DcR:1v3DxB:728OWshT_niRPcX6U-cXNWhYelqjgUrnTQX-N-atW6g", "expire_date": "2025-10-13T13:30:09.684Z"}}, {"model": "sessions.session", "pk": "ftbxq9mjtoj8ycorp0bomzxxe9td2sgk", "fields": {"session_data": "e30:1v3WDP:s57aevLGkyHUvm6GVbOYcWVaKTvAS9d9rhmmgjTJDW8", "expire_date": "2025-10-14T09:00:07.054Z"}}, {"model": "sessions.session", "pk": "glq91qvu2a4cb0aacm0w4902sr4i6650", "fields": {"session_data": ".eJxVjMEOgjAQRP-lZ9N0l61bPHrnG5q2uwpqIKFwMv67kHDQ22Tem3mbmNalj2vVOQ5iLgbM6bfLqTx13IE80nifbJnGZR6y3RV70Gq7SfR1Pdy_gz7Vflsz3Dx5FGkcE3ORFpQ1SQkNims9MWkiRUFPW_YZoD0ThcDgHCCazxfGKzZT:1v1rzd:XWYWzPtazdpHLD6arez9-kco134yNf4-JfLFtDJdhrc", "expire_date": "2025-10-09T19:51:05.086Z"}}, {"model": "sessions.session", "pk": "i1h7n5la8c7t8oz6w4fxhaeb5w8vxn9y", "fields": {"session_data": ".eJxVjDsOwyAQBe9CHSGDl49TpvcZrF1YgpMIJGNXUe4eIblI2jcz7y0WPPa8HI23ZY3iKrS4_G6E4cmlg_jAcq8y1LJvK8muyJM2OdfIr9vp_h1kbLnXyjhSbsKgAGwwngJSUqPT0QPaaFMwYLS1gx8YcCSIjJ7d5EgbTCA-X-OfOAM:1v10gG:XavqVUDot-W2bNYafSzTw_EBT6d_hmcbsypka5jHBU8", "expire_date": "2025-10-07T10:55:32.383Z"}}, {"model": "sessions.session", "pk": "iqu6vr4cv4gyqr3jnsut0thyuunt9f78", "fields": {"session_data": ".eJxVjDsOwjAQBe_iGln-reNQ0nMGa9fe4ACypTipEHeHSCmgfTPzXiLitpa4dV7inMVZWHH63QjTg-sO8h3rrcnU6rrMJHdFHrTLa8v8vBzu30HBXr715ILFAA50GllnC84xANopeKOAWQdHhpMzg9EjeZ-ItPHBgwppUIji_QHF0DcR:1v3DxQ:clo2nknkWKrcKpY3twWrJZyVw6wVVXbiudDnQN6BMaE", "expire_date": "2025-10-13T13:30:24.045Z"}}, {"model": "sessions.session", "pk": "ixae69p75qvrljodbnhfmwokwskujzec", "fields": {"session_data": ".eJxVjMEOgjAQRP-lZ9N0l61bPHrnG5q2uwpqIKFwMv67kHDQ22Tem3mbmNalj2vVOQ5iLgbM6bfLqTx13IE80nifbJnGZR6y3RV70Gq7SfR1Pdy_gz7Vflsz3Dx5FGkcE3ORFpQ1SQkNims9MWkiRUFPW_YZoD0ThcDgHCCazxfGKzZT:1v1tqA:VqEdLj9pzCoB3L-h1pWXRsg4pgRZ74wV4rvZZ6zpT2U", "expire_date": "2025-10-09T21:49:26.198Z"}}, {"model": "sessions.session", "pk": "jsledljqd6z8vk90o1jjxvz9smbx0v7b", "fields": {"session_data": ".eJxVjMsOwiAQRf-FtSG8BZfu_QYyA4NUDSSlXRn_3TbpQrfnnHvfLMK61LgOmuOU2YVJzU6_ECE9qe0mP6DdO0-9LfOEfE_4YQe_9Uyv69H-HVQYdVuT9obQWuVsscpjLmepdBBGhCJD0H5DglICHyySpETOeBkKGpWcAWCfL_lSOBg:1v30q5:So91LYw3KkeeCvL_7NZVwCF7WxjA7GcRblFa_vz5i3w", "expire_date": "2025-10-12T23:29:57.264Z"}}, {"model": "sessions.session", "pk": "loom32n8i4krhuq2od01l1mhndtqna3a", "fields": {"session_data": ".eJxVjMEOgjAQRP-lZ9N0l61bPHrnG5q2uwpqIKFwMv67kHDQ22Tem3mbmNalj2vVOQ5iLgbM6bfLqTx13IE80nifbJnGZR6y3RV70Gq7SfR1Pdy_gz7Vflsz3Dx5FGkcE3ORFpQ1SQkNims9MWkiRUFPW_YZoD0ThcDgHCCazxfGKzZT:1v1rzP:aPWL667FyEU63GeEtcfQ61toIZFKXbh_ZTUSjqZpRck", "expire_date": "2025-10-09T19:50:51.195Z"}}, {"model": "sessions.session", "pk": "lvzb4wib710km2hordnkv9qnq6z49f9s", "fields": {"session_data": ".eJxVjMsOwiAQRf-FtSG8BZfu_QYyA4NUDSSlXRn_3TbpQrfnnHvfLMK61LgOmuOU2YVJzU6_ECE9qe0mP6DdO0-9LfOEfE_4YQe_9Uyv69H-HVQYdVuT9obQWuVsscpjLmepdBBGhCJD0H5DglICHyySpETOeBkKGpWcAWCfL_lSOBg:1v3105:uRVLHf0XI7AxsHyOwxTTriGuhesRnUsdEOgx3YXh3xU", "expire_date": "2025-10-12T23:40:17.386Z"}}, {"model": "sessions.session", "pk": "mu2dmhp1kba8yqpldt7f4ix9xzu9fyy3", "fields": {"session_data": ".eJxVjDsOwyAQBe9CHSGDl49TpvcZrF1YgpMIJGNXUe4eIblI2jcz7y0WPPa8HI23ZY3iKrS4_G6E4cmlg_jAcq8y1LJvK8muyJM2OdfIr9vp_h1kbLnXyjhSbsKgAGwwngJSUqPT0QPaaFMwYLS1gx8YcCSIjJ7d5EgbTCA-X-OfOAM:1v13Oz:ZP81xnzwV5mypIgRmrKD_V_bfhXvY5fduNLhEJx4ziM", "expire_date": "2025-10-07T13:49:53.485Z"}}, {"model": "sessions.session", "pk": "nx5vpbijxnm5trxy0865595jwiixu54m", "fields": {"session_data": ".eJxVjDsOwjAQBe_iGln-reNQ0nMGa9fe4ACypTipEHeHSCmgfTPzXiLitpa4dV7inMVZWHH63QjTg-sO8h3rrcnU6rrMJHdFHrTLa8v8vBzu30HBXr715ILFAA50GllnC84xANopeKOAWQdHhpMzg9EjeZ-ItPHBgwppUIji_QHF0DcR:1v3Du9:r8YIFp6APjE4w3HQz3Glt1zLjd1Bz6TFvM8zXhaPhRM", "expire_date": "2025-10-13T13:27:01.161Z"}}, {"model": "sessions.session", "pk": "o11uvuj8i8g8sggy4imnjs9wriv1wp1b", "fields": {"session_data": ".eJxVjDEOwyAQBP9CHSGMgYOU6f0GBHcQnERYMnYV5e_Bkouk2WJ2dt_Mh30rfm9p9TOxK9Ps8stiwGeqR0GPUO8Lx6Vu6xz5ofCzbXxaKL1up_t3UEIrfT3IlIxGNKOBHoMVGpUyBBKSyAqItLLRSozZ5UgECgBcpNFih06wzxfY2TfG:1v3DhU:9nbwo3kVuFn-RhtUfTCnDBSu6DJkvTxWq9-I35wgCQo", "expire_date": "2025-10-13T13:13:56.049Z"}}, {"model": "sessions.session", "pk": "p63jgcvjfq71ieaaj7snslxqp0yqekkl", "fields": {"session_data": ".eJxVjDEOAiEQRe9CbQggI2Bp7xnIMAyyaiBZdivj3XWTLbT9773_EhHXpcZ18BynLM7CiMPvlpAe3DaQ79huXVJvyzwluSlyp0Nee-bnZXf_DiqO-q0DHA36gmQMOE9BOSqKFUEG61U4IamknU6KURevjfXMELRNVHRmcOL9AdhKN8w:1v3Vp1:8w2bi9nXHLzrtBqnC4Aq-RIQ3f7GFnNSAWQOivuAQPU", "expire_date": "2025-10-14T08:34:55.698Z"}}, {"model": "sessions.session", "pk": "p84kyf3polxtttpghk3sx3bqrh0nt9ii", "fields": {"session_data": ".eJxVjEEOwiAQRe_C2hAKZACX7j0DmWFAqgaS0q6Md9cmXej2v_f-S0Tc1hq3kZc4szgLJ06_G2F65LYDvmO7dZl6W5eZ5K7Igw557Zyfl8P9O6g46rdGawoDFdbKIWhIiRmyNtkHXwyRAq_thKyCsd4VUFoZP6ngmIkDkXh_APZwOAY:1v0lcE:auEVWqUFWiszFQVNaKXHJqFxYx78SDAJa8HxOTYSdSs", "expire_date": "2025-10-06T18:50:22.428Z"}}, {"model": "sessions.session", "pk": "qtj956g228xdptwumipy0z79rwt471q1", "fields": {"session_data": ".eJxVjEEOwiAQRe_C2hAKZACX7j0DmWFAqgaS0q6Md9cmXej2v_f-S0Tc1hq3kZc4szgLJ06_G2F65LYDvmO7dZl6W5eZ5K7Igw557Zyfl8P9O6g46rdGawoDFdbKIWhIiRmyNtkHXwyRAq_thKyCsd4VUFoZP6ngmIkDkXh_APZwOAY:1v0lcD:U86iuhifqdo5Mxyy8w117a_np8QDXRpqd2gKKWRZgm4", "expire_date": "2025-10-06T18:50:21.955Z"}}, {"model": "sessions.session", "pk": "rxwezth6kjplvabdldrdc3cn6n3ehb8x", "fields": {"session_data": ".eJxVjEEOwiAQRe_C2hAKZACX7j0DmWFAqgaS0q6Md9cmXej2v_f-S0Tc1hq3kZc4szgLJ06_G2F65LYDvmO7dZl6W5eZ5K7Igw557Zyfl8P9O6g46rdGawoDFdbKIWhIiRmyNtkHXwyRAq_thKyCsd4VUFoZP6ngmIkDkXh_APZwOAY:1v0lYO:JGFzjwhbdv6y9Kb_CHO0youeXcPkKqw9pC6Z-_SsHmU", "expire_date": "2025-10-06T18:46:24.971Z"}}, {"model": "sessions.session", "pk": "s3zqrg9zyxga0dyf18wvmb0c497mcudk", "fields": {"session_data": ".eJxVjDEOwyAQBP9CHSGMgYOU6f0GBHcQnERYMnYV5e_Bkouk2WJ2dt_Mh30rfm9p9TOxK9Ps8stiwGeqR0GPUO8Lx6Vu6xz5ofCzbXxaKL1up_t3UEIrfT3IlIxGNKOBHoMVGpUyBBKSyAqItLLRSozZ5UgECgBcpNFih06wzxfY2TfG:1v3Dkm:mDmoNGA8Nt2N5v_gIh448j02eQRmEdjgj8vZrzVpm5U", "expire_date": "2025-10-13T13:17:20.224Z"}}, {"model": "sessions.session", "pk": "sytrhglo252zc286e1e85h89oi95nau7", "fields": {"session_data": ".eJxVjMsOwiAQRf-FtSG8BZfu_QYyA4NUDSSlXRn_3TbpQrfnnHvfLMK61LgOmuOU2YVJzU6_ECE9qe0mP6DdO0-9LfOEfE_4YQe_9Uyv69H-HVQYdVuT9obQWuVsscpjLmepdBBGhCJD0H5DglICHyySpETOeBkKGpWcAWCfL_lSOBg:1v30qX:fR_WHyq22bbEzdcFZkYITjjIUs4_EQvXtHcorBTmzxA", "expire_date": "2025-10-12T23:30:25.883Z"}}, {"model": "sessions.session", "pk": "tn3jor48sz648d6ayuydf8ud2ysyldv8", "fields": {"session_data": ".eJxVjDsOwjAQBe_iGln-reNQ0nMGa9fe4ACypTipEHeHSCmgfTPzXiLitpa4dV7inMVZWHH63QjTg-sO8h3rrcnU6rrMJHdFHrTLa8v8vBzu30HBXr715ILFAA50GllnC84xANopeKOAWQdHhpMzg9EjeZ-ItPHBgwppUIji_QHF0DcR:1v30Yw:sNM98a4e5HPGFYOovEs3s4I9-EsQJ68p9qQOKLMD1Ls", "expire_date": "2025-10-12T23:12:14.229Z"}}, {"model": "sessions.session", "pk": "w98x9z7n6ppu4s4lovu6hpj6w6jzs8b9", "fields": {"session_data": ".eJxVjMsOwiAQRf-FtSG8BZfu_QYyA4NUDSSlXRn_3TbpQrfnnHvfLMK61LgOmuOU2YVJzU6_ECE9qe0mP6DdO0-9LfOEfE_4YQe_9Uyv69H-HVQYdVuT9obQWuVsscpjLmepdBBGhCJD0H5DglICHyySpETOeBkKGpWcAWCfL_lSOBg:1v31Ei:Y0XhYK4FlYJmJdmvzWqV8JXBNfw89C9izqhRg8v_G_c", "expire_date": "2025-10-12T23:55:24.090Z"}}, {"model": "sessions.session", "pk": "x98mjm9fxbybj6p2ev7l6i6lc4s9j23c", "fields": {"session_data": ".eJxVjDEOwyAQBP9CHSGMgYOU6f0GBHcQnERYMnYV5e_Bkouk2WJ2dt_Mh30rfm9p9TOxK9Ps8stiwGeqR0GPUO8Lx6Vu6xz5ofCzbXxaKL1up_t3UEIrfT3IlIxGNKOBHoMVGpUyBBKSyAqItLLRSozZ5UgECgBcpNFih06wzxfY2TfG:1v3Dka:58AV9gaX4r8unFhvqNU8fZ5kO8bc769_F_OcHCcAGB0", "expire_date": "2025-10-13T13:17:08.676Z"}}, {"model": "sessions.session", "pk": "xa5wzvuje2jupn9nqgd4d1c0ukk4mzhy", "fields": {"session_data": ".eJxVjMEOgjAQRP-lZ9N0l61bPHrnG5q2uwpqIKFwMv67kHDQ22Tem3mbmNalj2vVOQ5iLgbM6bfLqTx13IE80nifbJnGZR6y3RV70Gq7SfR1Pdy_gz7Vflsz3Dx5FGkcE3ORFpQ1SQkNims9MWkiRUFPW_YZoD0ThcDgHCCazxfGKzZT:1v1sAp:q3TEuw7-k6wnS1kFiNe1CKmh8h0nAfp6Z9I3kN7CXQ0", "expire_date": "2025-10-09T20:02:39.994Z"}}, {"model": "sessions.session", "pk": "ytuoz9xvmj4kfjczn24iqnmznf8flypj", "fields": {"session_data": ".eJxVjDEOwyAQBP9CHSGMgYOU6f0GBHcQnERYMnYV5e_Bkouk2WJ2dt_Mh30rfm9p9TOxK9Ps8stiwGeqR0GPUO8Lx6Vu6xz5ofCzbXxaKL1up_t3UEIrfT3IlIxGNKOBHoMVGpUyBBKSyAqItLLRSozZ5UgECgBcpNFih06wzxfY2TfG:1v3DkG:PgIGrA_a99zZ8qIOuroLO-gSJGhusFD_PESfai92JAY", "expire_date": "2025-10-13T13:16:48.242Z"}}, {"model": "sessions.session", "pk": "zost2h8vrqarz3s309m9at6sa2qcqxw2", "fields": {"session_data": ".eJxVjEEOwiAQRe_C2hAKZACX7j0DmWFAqgaS0q6Md9cmXej2v_f-S0Tc1hq3kZc4szgLJ06_G2F65LYDvmO7dZl6W5eZ5K7Igw557Zyfl8P9O6g46rdGawoDFdbKIWhIiRmyNtkHXwyRAq_thKyCsd4VUFoZP6ngmIkDkXh_APZwOAY:1v0lYP:LJKCRCC2rpqF3iPgrTX6rMN_OP_harrVUHbUmMrgQnA", "expire_date": "2025-10-06T18:46:25.426Z"}}, {"model": "accounts.user", "fields": {"password": "pbkdf2_sha256$1000000$cHFi1niir9E60ek7xGHw4R$taGZpVcedw8I9V9xKhiqU0a7M8LaLkt7hyFO568BybI=", "last_login": "2025-09-28T22:53:45.307Z", "is_superuser": true, "username": "admin", "first_name": "", "last_name": "", "email": "admin@example.com", "is_staff": true, "is_active": true, "date_joined": "2025-09-22T18:31:13.989Z", "user_type": "construction_control", "phone": "", "organization": "", "position": "", "avatar": "", "is_active_on_site": false, "last_location": null, "created_at": "2025-09-22T18:31:14.381Z", "updated_at": "2025-09-28T22:48:21.727Z", "groups": [], "user_permissions": []}}, {"model": "accounts.user", "fields": {"password": "pbkdf2_sha256$1000000$gRKVS7KT2MP2ix99PMr9br$79x5oIU2X0vBT0LEXjSffvEVDcX9tc4BxUwG9v1zm6A=", "last_login": "2025-09-30T21:06:34.655Z", "is_superuser": false, "username": "stroy_control_1", "first_name": "Строительный контроль", "last_name": "", "email": "", "is_staff": false, "is_active": true, "date_joined": "2025-09-22T18:31:14.398Z", "user_type": "construction_control", "phone": "", "organization": "", "position": "", "avatar": "", "is_active_on_site": false, "last_location": null, "created_at": "2025-09-22T18:31:14.790Z", "updated_at": "2025-09-30T08:24:46.994Z", "groups": [], "user_permissions": []}}, {"model": "accounts.user", "fields": {"password": "pbkdf2_sha256$1000000$XnL29IwnWPHr4eMsR5JtfE$MP16pdwy0sGPEdc+T8wRHDcI7TQ3RUS1axqZnGx8QiM=", "last_login": "2025-09-30T21:32:39.349Z", "is_superuser": false, "username": "foreman_1", "first_name": "Прораб 1", "last_name": "", "email": "", "is_staff": false, "is_active": true, "date_joined": "2025-09-22T18:31:14.795Z", "user_type": "foreman", "phone": "", "organization": "", "position": "", "avatar": "", "is_active_on_site": false, "last_location": null, "created_at": "2025-09-22T18:31:15.188Z", "updated_at": "2025-09-28T22:48:22.542Z", "groups": [], "user_permissions": []}}, {"model": "accounts.user", "fields": {"password": "pbkdf2_sha256$1000000$xLLkdIgJxuor7vPty9Qfpb$6x88mmmWqx5Zw8wzEbrV4Q8FNMwQIQ6P5FNO4AGAe6E=", "last_login": "2025-09-30T08:40:33.009Z", "is_superuser": false, "username": "foreman_2", "first_name": "Прораб 2", "last_name": "", "email": "", "is_staff": false, "is_active": true, "date_joined": "2025-09-22T18:31:15.193Z", "user_type": "foreman", "phone": "", "organization": "", "position": "", "avatar": "", "is_active_on_site": false, "last_location": null, "created_at": "2025-09-22T18:31:15.587Z", "updated_at": "2025-09-28T22:48:22.944Z", "groups": [], "user_permissions": []}}, {"model": "accounts.user", "fields": {"password": "pbkdf2_sha256$1000000$P4U1gZSMIOgDo27ypEAnw4$HxLB3kH+mGILR/RUMccEyHllG1ci/K/74NtWs+Yy/+U=", "last_login": "2025-09-30T21:32:32.874Z", "is_superuser": false, "username": "inspector_1", "first_name": "Инспектор", "last_name": "", "email": "", "is_staff": false, "is_active": true, "date_joined": "2025-09-22T18:31:15.597Z", "user_type": "inspector", "phone": "", "organization": "", "position": "", "avatar": "", "is_active_on_site": false, "last_location": null, "created_at": "2025-09-22T18:31:15.989Z", "updated_at": "2025-09-28T22:48:23.347Z", "groups": [], "user_permissions": []}}, {"model": "accounts.user", "fields": {"password": "pbkdf2_sha256$1000000$U7RlipKVMpKkD8Rm1SnKqU$gNhLZ7mWhlKn4jO9e+wBqKEHCt++kHKVPSSkQf7WIOk=", "last_login": "2025-09-22T21:01:00.778Z", "is_superuser": false, "username": "demo_inspector", "first_name": "Демо Инспектор", "last_name": "", "email": "", "is_staff": false, "is_active": true, "date_joined": "2025-09-22T18:31:15.994Z", "user_type": "inspector", "phone": "", "organization": "", "position": "", "avatar": "", "is_active_on_site": false, "last_location": null, "created_at": "2025-09-22T18:31:16.387Z", "updated_at": "2025-09-28T22:48:23.747Z", "groups": [], "user_permissions": []}}, {"model": "accounts.user", "fields": {"password": "pbkdf2_sha256$1000000$yG56hDm6ipSpmdCDm8YcKN$UrT4Zls9dJAyKehrf1dro250/UUO06XwrUQuNDSo4j0=", "last_login": "2025-09-22T21:02:24.563Z", "is_superuser": false, "username": "identifier_1", "first_name": "Идентификатор", "last_name": "1", "email": "", "is_staff": false, "is_active": true, "date_joined": "2025-09-22T18:43:31.608Z", "user_type": "identifier", "phone": "", "organization": "", "position": "", "avatar": "", "is_active_on_site": false, "last_location": null, "created_at": "2025-09-22T18:43:32.001Z", "updated_at": "2025-09-28T22:48:24.151Z", "groups": [], "user_permissions": []}}, {"model": "accounts.user", "fields": {"password": "pbkdf2_sha256$1000000$vjrl3IyZFU30jSOJPPL7j8$UgvMR1Zt/2hsfP0BUVlNVj7YRuIPjKiCMhR1azJWY3U=", "last_login": null, "is_superuser": false, "username": "foreman_demo", "first_name": "Иван", "last_name": "Иванов", "email": "foreman_demo@example.com", "is_staff": false, "is_active": true, "date_joined": "2025-09-22T20:11:04.976Z", "user_type": "foreman", "phone": "", "organization": "", "position": "", "avatar": "", "is_active_on_site": false, "last_location": null, "created_at": "2025-09-22T20:11:04.977Z", "updated_at": "2025-09-28T22:48:24.557Z", "groups": [], "user_permissions": []}}, {"model": "accounts.user", "fields": {"password": "pbkdf2_sha256$1000000$gBNYMpAsUwn3fdhtN9ZidM$S5Ua/zHJFJ6drhxabiaDeHxDr8xzji1PFZpzmEQ55fY=", "last_login": null, "is_superuser": false, "username": "inspector_demo", "first_name": "Петр", "last_name": "Петров", "email": "inspector_demo@example.com", "is_staff": false, "is_active": true, "date_joined": "2025-09-22T20:11:05.372Z", "user_type": "inspector", "phone": "", "organization": "", "position": "", "avatar": "", "is_active_on_site": false, "last_location": null, "created_at": "2025-09-22T20:11:05.372Z", "updated_at": "2025-09-28T22:48:24.967Z", "groups": [], "user_permissions": []}}, {"model": "accounts.user", "fields": {"password": "pbkdf2_sha256$1000000$wJtgSGU8G1uRsN437Uubmc$s+YgJfG2SIXL5I4UmdEcXleiHDCJgaWEz7T86tSQ8o4=", "last_login": null, "is_superuser": false, "username": "control_demo", "first_name": "Мария", "last_name": "Сидорова", "email": "control_demo@example.com", "is_staff": false, "is_active": true, "date_joined": "2025-09-22T20:11:05.771Z", "user_type": "construction_control", "phone": "", "organization": "", "position": "", "avatar": "", "is_active_on_site": false, "last_location": null, "created_at": "2025-09-22T20:11:05.771Z", "updated_at": "2025-09-28T22:48:25.382Z", "groups": [], "user_permissions": []}}, {"model": "accounts.user", "fields": {"password": "pbkdf2_sha256$1000000$bSGshRqU9zurtcJu9uHu5A$iE3Gm1oSYF4Aae6Ja/4UxXKF5N2HCe+do6QqF38AjL0=", "last_login": null, "is_superuser": false, "username": "test_construction_control", "first_name": "Иван", "last_name": "Контролер", "email": "control@example.com", "is_staff": false, "is_active": true, "date_joined": "2025-09-22T20:56:50.821Z", "user_type": "construction_control", "phone": "", "organization": "Служба строительного контроля", "position": "Главный инженер", "avatar": "", "is_active_on_site": false, "last_location": null, "created_at": "2025-09-22T20:56:50.822Z", "updated_at": "2025-09-28T22:48:25.787Z", "groups": [], "user_permissions": []}}, {"model": "accounts.user", "fields": {"password": "pbkdf2_sha256$1000000$N93r1LV2sS7EnaNSeFBYtV$pGIAJi19Biyv2XirSQTMb8KgJzmWWklko+HhVvf8xIE=", "last_login": null, "is_superuser": false, "username": "test_ocr_user", "first_name": "Test", "last_name": "OCR User", "email": "test@example.com", "is_staff": false, "is_active": true, "date_joined": "2025-09-26T14:00:33.961Z", "user_type": "", "phone": "", "organization": "", "position": "", "avatar": "", "is_active_on_site": false, "last_location": null, "created_at": "2025-09-26T14:00:33.962Z", "updated_at": "2025-09-28T22:48:26.211Z", "groups": [], "user_permissions": []}}, {"model": "accounts.user", "fields": {"password": "pbkdf2_sha256$1000000$LIWhXe53ZpZnVBL1TSgRXp$P+qgga8YDUfbzbh5lbk2mcCZbWuCFiPSBZxl8DVRioE=", "last_login": "2025-09-28T23:55:24.088Z", "is_superuser": false, "username": "test_inspector", "first_name": "Тест", "last_name": "Инспектор", "email": "inspector@test.com", "is_staff": false, "is_active": true, "date_joined": "2025-09-28T23:28:28.808Z", "user_type": "inspector", "phone": "", "organization": "", "position": "", "avatar": "", "is_active_on_site": false, "last_location": null, "created_at": "2025-09-28T23:28:28.808Z", "updated_at": "2025-09-28T23:28:29.208Z", "groups": [], "user_permissions": []}}, {"model": "accounts.qrtoken", "pk": 22, "fields": {"created_by": ["foreman_1"], "project": 3, "token": "9M-5elEXD4REhqmwvuZm2ad8DL94L6ZhNkD1rZYGulQ", "created_at": "2025-09-22T20:12:24.509Z", "expires_at": "2025-09-22T20:12:39.509Z", "is_used": false, "used_at": null, "verified_by": null, "verified_at": null}}, {"model": "accounts.qrtoken", "pk": 24, "fields": {"created_by": ["foreman_1"], "project": 5, "token": "RfWjVZ7-6qAM-Dj7WfJcQqSYeRdN5okFpMwCajKXDRw", "created_at": "2025-09-29T07:21:23.010Z", "expires_at": "2025-09-29T07:21:38.010Z", "is_used": false, "used_at": null, "verified_by": null, "verified_at": null}}, {"model": "accounts.qrtoken", "pk": 25, "fields": {"created_by": ["foreman_1"], "project": 5, "token": "2pzzJA5Xs827oGlfAuoaHY7JRsSSr-_hOyLrP1T7VYc", "created_at": "2025-09-29T14:03:46.984Z", "expires_at": "2025-09-29T14:04:01.984Z", "is_used": false, "used_at": null, "verified_by": null, "verified_at": null}}, {"model": "accounts.qrtoken", "pk": 26, "fields": {"created_by": ["foreman_1"], "project": 4, "token": "QUeOxokVkUnR1Q1XoyLQI3FdChGrfAQa5GE8T1Xf5Yg", "created_at": "2025-09-29T14:30:11.775Z", "expires_at": "2025-09-29T14:30:26.775Z", "is_used": false, "used_at": null, "verified_by": null, "verified_at": null}}, {"model": "projects.project", "pk": 1, "fields": {"name": "Проект благоустройства: Бестужевых 27", "address": "Бестужевых улица, д.27А", "coordinates": "{\"type\": \"Polygon\", \"coordinates\": [[[37.6136731481359, 55.8693381307596], [37.6136811644216, 55.8693207440017], [37.6136874346201, 55.8693071580637], [37.6137878834516, 55.8690892529786], [37.6137998701252, 55.8690639767174], [37.6138420379465, 55.8689751458411], [37.6138435090524, 55.8689701776623], [37.6138441489063, 55.8689649946888], [37.6138438299029, 55.8689596599091], [37.613842488357, 55.8689542452345], [37.613841169833, 55.8689512555719], [37.6138401085827, 55.8689488494771], [37.6138378943394, 55.8689454474837], [37.6138366588944, 55.868943562482], [37.6138326843508, 55.8689390573686], [37.6138321875263, 55.868938491984], [37.613826758634, 55.8689337277401], [37.6138205002148, 55.8689293414853], [37.6138135083189, 55.8689254049843], [37.6138059428382, 55.8689219719796], [37.6137979635863, 55.8689190692691], [37.6137897462458, 55.8689166877098], [37.6137814186569, 55.8689148451475], [37.6135689939101, 55.8688845205583], [37.6134814383442, 55.8688719636676], [37.61345046873, 55.8688675281726], [37.6133659494821, 55.8688554085181], [37.6132627670718, 55.8688411772279], [37.6131583382847, 55.8688267673574], [37.6131459218654, 55.8688250452472], [37.6130959686762, 55.8688181570565], [37.6130891132961, 55.8688172112638], [37.6130491315808, 55.8688116971192], [37.6130084147852, 55.8688060758529], [37.6129171056766, 55.8687934770764], [37.6129124395534, 55.8687928346533], [37.6129055535009, 55.8688089539264], [37.6128321388804, 55.8689807850003], [37.6128177478318, 55.8690144701379], [37.6127967439513, 55.8690648940218], [37.6127881773755, 55.8690854517298], [37.612762017461, 55.8691482030608], [37.6126783956143, 55.8693371353132], [37.6126656046797, 55.8693663102109], [37.6125691011365, 55.8695698851258], [37.6125068267992, 55.8697060488981], [37.6124737607085, 55.8697783359123], [37.6124383768167, 55.8698556816623], [37.612407532934, 55.8699231255565], [37.6123346639195, 55.8700861807799], [37.6123127682995, 55.8701435751035], [37.6123029813232, 55.8701676546681], [37.612298643802, 55.8701813914689], [37.612292094802, 55.8701926693148], [37.6123966415369, 55.8702080498245], [37.6124220124265, 55.8702038773076], [37.6124348609405, 55.8702057338226], [37.6124945650085, 55.8702143648408], [37.6125433222928, 55.87022141603], [37.6125735418933, 55.8702257805813], [37.6126106012729, 55.8702311358669], [37.612632540968, 55.8702336487369], [37.6126623364624, 55.8702294002956], [37.6127458310678, 55.8702397609702], [37.6127347623245, 55.870267973272], [37.6128294401061, 55.8702842874981], [37.6128575335863, 55.8702991713717], [37.6129609682327, 55.8703331084048], [37.613037846319, 55.8703477860823], [37.6131883711516, 55.8703699769269], [37.6131944196103, 55.8703569301152], [37.6132999427606, 55.8701297338557], [37.6133043728351, 55.870120505699], [37.6133663223527, 55.8699887517955], [37.6133701801658, 55.8699805031544], [37.6134616058051, 55.8697896771683], [37.6134670508468, 55.8697779332269], [37.6135424099725, 55.8696160875569], [37.613546823749, 55.8696067875527], [37.6136293362971, 55.8694331783497], [37.6136731481359, 55.8693381307596]]]}", "status": "active", "control_service": ["stroy_control_1"], "foreman": ["foreman_1"], "contract_number": "КТ-0001-2024", "planned_start_date": "2024-05-01", "planned_end_date": "2024-07-30", "actual_start_date": null, "actual_end_date": null, "description": "Комплексные работы по благоустройству территории Бестужевых улица, д.27А", "opening_act": "", "opening_checklist_completed": false, "created_at": "2025-09-22T20:11:06.174Z", "updated_at": "2025-09-23T13:52:13.724Z"}}, {"model": "projects.project", "pk": 2, "fields": {"name": "Проект благоустройства: Каргопольская 18", "address": "Каргопольская улица, д. 18", "coordinates": "{\"type\": \"Polygon\", \"coordinates\": [[[37.5954055221338, 55.8650268362208], [37.5951502050958, 55.8647680296984], [37.594959840919, 55.8645720082647], [37.5949380374847, 55.8645514121622], [37.5947594735224, 55.8646111775957], [37.5945635914437, 55.8646758689121], [37.5945472884351, 55.8646577474716], [37.5945450012203, 55.8646564019736], [37.5944371817014, 55.8645926787554], [37.5944245887767, 55.8645764406117], [37.5943103666232, 55.8646130467222], [37.5943210784601, 55.8646241488277], [37.5942632526834, 55.8646408446833], [37.5942461906373, 55.8646457705868], [37.594224975475, 55.8646239164863], [37.594216361319, 55.8646150402182], [37.5941366641125, 55.8646425574983], [37.5941238640631, 55.8646464562472], [37.5941133463192, 55.8646496616795], [37.594112628127, 55.8646498867646], [37.5941118916574, 55.8646491508314], [37.5941117315946, 55.8646490072471], [37.5940928830754, 55.8646549314431], [37.5940627190482, 55.864664411952], [37.5940043061038, 55.8646827607468], [37.5940040188264, 55.8646828507806], [37.5939909955969, 55.8646869382985], [37.5939368119563, 55.8647039635604], [37.5938175279593, 55.8647414352798], [37.5938019501662, 55.864725890914], [37.5937318582371, 55.864655941237], [37.5937140631091, 55.8646615771677], [37.5936423864534, 55.8645900388915], [37.5936393766209, 55.8645870502878], [37.5936215575334, 55.8645692532068], [37.5936393526112, 55.8645636083079], [37.593515340049, 55.8644398275052], [37.5935122181147, 55.8644367042587], [37.5935055284527, 55.8644310508875], [37.5934872735209, 55.8643978596379], [37.5934107011529, 55.8644096293342], [37.5933341447102, 55.8644213989708], [37.593344493884, 55.8644211846075], [37.5933526731925, 55.8644219329081], [37.5933623564708, 55.8644237848144], [37.5933766418676, 55.8644265853065], [37.5933894936398, 55.8644309945842], [37.593393972475, 55.8644338294009], [37.5934527722978, 55.8644907644467], [37.5934792986896, 55.8645164408439], [37.5935541583693, 55.8645901054566], [37.5936676491587, 55.8647017959357], [37.5938620818316, 55.8648917806425], [37.5938782081763, 55.8649095879503], [37.594010322527, 55.8650405924339], [37.5940637468787, 55.8650930673974], [37.5942100601505, 55.8652367519076], [37.5942268710713, 55.865253507801], [37.594341777751, 55.8653678910547], [37.5943360320523, 55.8653696648008], [37.5941966190068, 55.8654127477296], [37.5942364853655, 55.865452595788], [37.5943805156813, 55.8654100212532], [37.594547695506, 55.8655754519122], [37.5945490884194, 55.8655768340181], [37.5945761300054, 55.8656035965567], [37.5948327409846, 55.8658551820341], [37.5949649713814, 55.8659786857453], [37.5949898762606, 55.8659671253124], [37.5950242421011, 55.8659511746033], [37.5950435861393, 55.8659452049785], [37.5951460200174, 55.8659135740678], [37.5951436823511, 55.8659112226799], [37.5951141577893, 55.8658817137992], [37.59508087384, 55.8658497558144], [37.5950681942453, 55.8658375774923], [37.5951462401394, 55.8658133661132], [37.595233657426, 55.8657874050583], [37.5951971518104, 55.8657508240502], [37.5951418170996, 55.865695369155], [37.5951579369564, 55.8656903719983], [37.5951509080243, 55.8656833178471], [37.5951432870768, 55.8656758330324], [37.5951459113192, 55.8656646399373], [37.5951807987022, 55.8656004665354], [37.5951807565298, 55.8655830871581], [37.5951812368722, 55.8655835717963], [37.5953734262309, 55.8655226995305], [37.5954649085934, 55.8654938520882], [37.5954049571835, 55.8654315299324], [37.5953904227231, 55.8654119073168], [37.5953749362408, 55.8653948721344], [37.5955590197171, 55.8653377691022], [37.595567606219, 55.8653351039312], [37.5956020001092, 55.8653244342225], [37.5955566696235, 55.8652778635904], [37.5955844358964, 55.8652675402931], [37.5956039999433, 55.8652602680766], [37.5956257023102, 55.8652522038272], [37.595592142293, 55.8652183331077], [37.5955551719142, 55.8651810250504], [37.5955528342453, 55.8651786646884], [37.5955396248234, 55.8651653281943], [37.5954162506967, 55.8650380729417], [37.5954055221338, 55.8650268362208]]]}", "status": "active", "control_service": ["stroy_control_1"], "foreman": ["foreman_1"], "contract_number": "КТ-0002-2024", "planned_start_date": "2024-04-15", "planned_end_date": "2024-08-25", "actual_start_date": null, "actual_end_date": null, "description": "Комплексные работы по благоустройству территории Каргопольская улица, д. 18", "opening_act": "", "opening_checklist_completed": false, "created_at": "2025-09-22T20:11:06.178Z", "updated_at": "2025-09-23T13:52:13.727Z"}}, {"model": "projects.project", "pk": 3, "fields": {"name": "Проект благоустройства: Проспект Мира 194", "address": "проспект Мира, дом 194", "coordinates": "{\"type\": \"Polygon\", \"coordinates\": [[[37.6597164421708, 55.836805799266], [37.6596903157171, 55.8368177247358], [37.6596489456177, 55.8368332176435], [37.6595588116452, 55.8368710569844], [37.6595046403276, 55.8368941828122], [37.6594899397336, 55.8369096053232], [37.6594451195874, 55.8369284258267], [37.659438602855, 55.8369233146876], [37.6594367454867, 55.8369218530731], [37.6594168289764, 55.8369302227199], [37.6594106946847, 55.8369327993849], [37.6593642824368, 55.8369486849101], [37.6592855074889, 55.8369815425481], [37.6592170550767, 55.837009545727], [37.6591923263135, 55.8370198615735], [37.6591847897757, 55.8370230058774], [37.6591576072509, 55.8370343487857], [37.6591513135039, 55.8370369705513], [37.6591184586432, 55.8370506829297], [37.6591254069442, 55.8370559551999], [37.6591492137442, 55.8370740315725], [37.6591537445387, 55.8370774657138], [37.659243816697, 55.8371458438293], [37.6592750362279, 55.8371695421267], [37.6592782540447, 55.8371719360829], [37.6593324447559, 55.8372122657384], [37.6594034014056, 55.8372661180894], [37.6594656086633, 55.8373113592959], [37.6594674497249, 55.8373127311143], [37.6595284620652, 55.8373584588398], [37.6596233347714, 55.8374295429401], [37.6596351338487, 55.8374383836167], [37.6596392964257, 55.8374415218208], [37.6596478775375, 55.8374479416046], [37.6596621325332, 55.8374523691133], [37.6597009022195, 55.8374643903774], [37.6597354592544, 55.8374492655247], [37.6597926836383, 55.8374153756263], [37.6597934095511, 55.8374094378128], [37.6597945015191, 55.8374071550603], [37.6598000415416, 55.837403654034], [37.6598030806642, 55.8374013597826], [37.6598075899571, 55.8373995037317], [37.6598321598889, 55.8373893586191], [37.6599053598598, 55.8373591664159], [37.6599731421936, 55.8373311996497], [37.6599818187546, 55.8373297244104], [37.6599915776308, 55.8373314182945], [37.6599398715864, 55.837290025879], [37.660019174984, 55.8372419611942], [37.6600161846279, 55.8372366569059], [37.6600144536116, 55.8372309737578], [37.6600140068535, 55.8372271032419], [37.6600140227563, 55.8372192801979], [37.6600320584913, 55.8372037275641], [37.6600567862156, 55.8371892799881], [37.6601162639514, 55.8371601652611], [37.6601251068859, 55.8371564533635], [37.6601296012034, 55.8371548488064], [37.6601871717894, 55.8371199433466], [37.6602447613789, 55.8371053004539], [37.6602467112797, 55.8371020645294], [37.6602429895499, 55.8371013508216], [37.6602015703427, 55.8370814652298], [37.6601622484758, 55.8370592596388], [37.6600885547778, 55.8370075668657], [37.6600306275854, 55.8369669370026], [37.6598032648932, 55.8368092168439], [37.6597917247438, 55.8368012111421], [37.6597658274488, 55.8367832453749], [37.6597164421708, 55.836805799266]], [[37.6597750038574, 55.8371897163849], [37.6597038795566, 55.8372200495363], [37.6596913919197, 55.8372106439112], [37.6596888426348, 55.8372117250034], [37.6596011140574, 55.8372486271724], [37.6595949638039, 55.8372512128487], [37.6595556245508, 55.8372677719188], [37.6594477021498, 55.8371862948577], [37.6594326849622, 55.8371749614129], [37.6594283350628, 55.8371767633547], [37.659419513213, 55.8371699935812], [37.6594251856382, 55.8371676510346], [37.6594492775504, 55.8371577131927], [37.659462470736, 55.8371522712529], [37.6594578113437, 55.8371486217291], [37.6594736973461, 55.8371420715707], [37.6594783567391, 55.8371457210939], [37.6595029106729, 55.8371355850489], [37.6595665337475, 55.8371836176737], [37.6596969636114, 55.8371288407613], [37.6597505471693, 55.8371063443254], [37.6596924954147, 55.8370625169949], [37.6597009559762, 55.8370589672915], [37.6597264969628, 55.8370482461187], [37.6597157543772, 55.8370401405812], [37.6597027063844, 55.8370302955798], [37.6597072951116, 55.8370283585949], [37.6597634749795, 55.837004610348], [37.6597639689096, 55.8370044031315], [37.6597879196547, 55.8370224881764], [37.6597924664232, 55.837025913292], [37.6597783974087, 55.8370318234455], [37.659868004732, 55.8370994741918], [37.6598993681759, 55.8371231541818], [37.659855073908, 55.8371417855389], [37.6598273023513, 55.8371534706597], [37.6597712014872, 55.8371770661447], [37.6597652743733, 55.8371795707062], [37.6597627090954, 55.8371806428389], [37.6597750038574, 55.8371897163849]]]}", "status": "active", "control_service": ["stroy_control_1"], "foreman": ["foreman_1"], "contract_number": "КТ-0003-2024", "planned_start_date": "2024-04-15", "planned_end_date": "2024-08-25", "actual_start_date": null, "actual_end_date": null, "description": "Комплексные работы по благоустройству территории проспект Мира, дом 194", "opening_act": "", "opening_checklist_completed": false, "created_at": "2025-09-22T20:11:06.182Z", "updated_at": "2025-09-23T13:52:13.730Z"}}, {"model": "projects.project", "pk": 4, "fields": {"name": "Проект благоустройства: Путевой 38", "address": "Путевой проезд, дом 38", "coordinates": "{\"type\": \"Polygon\", \"coordinates\": [[[37.5715834636274, 55.877156288729], [37.5715906260646, 55.8770887251006], [37.5715887568147, 55.8770887531213], [37.571608381802, 55.8770478217082], [37.5715016884426, 55.8770480806832], [37.5712508519854, 55.8770486826847], [37.5712417094561, 55.8770466221561], [37.5710917716988, 55.8770408699092], [37.5710774542804, 55.8770573772687], [37.5710564022299, 55.877051596172], [37.5709314536912, 55.8769845929836], [37.5709243370965, 55.8769807798664], [37.5709180680874, 55.8769774153451], [37.5708754560142, 55.8769764606386], [37.570649517793, 55.8769713978072], [37.5706110117229, 55.8769704047508], [37.5704957811563, 55.8769674522911], [37.57048213627, 55.8769671007593], [37.5704451960215, 55.8769661516718], [37.5703851361598, 55.8769646049083], [37.5703302873791, 55.8769645191685], [37.5701655173782, 55.8769642709101], [37.570164718535, 55.8769642713606], [37.5701651067885, 55.8769669656181], [37.5701652200531, 55.8769677649156], [37.5701860282985, 55.8771145123285], [37.5702042393091, 55.8771845764026], [37.57023100904, 55.8772876070508], [37.5702320701483, 55.8772913158475], [37.5702383722363, 55.8773132004189], [37.5702795930999, 55.8774562807752], [37.5702809435548, 55.877460968401], [37.5703216340249, 55.8776110456959], [37.5703280666995, 55.8776344211313], [37.5703522696945, 55.8777223641303], [37.5703883417895, 55.8778626810236], [37.5704034312153, 55.8779200648254], [37.5704356450766, 55.8780291279621], [37.570449999964, 55.8780777551255], [37.5704509322822, 55.8780808981529], [37.5704665128294, 55.8781447663723], [37.5704672370746, 55.8781477029409], [37.5704715668449, 55.878165475048], [37.5705040960159, 55.878298680488], [37.5705370139883, 55.8783545991469], [37.5705523376049, 55.8783552910209], [37.5706101646505, 55.8783578808346], [37.570605526244, 55.8783729186427], [37.5706521726286, 55.8783774727676], [37.5706568110015, 55.8783624259762], [37.5707987810618, 55.8783681922698], [37.5708232600041, 55.8783690136229], [37.5709631099668, 55.8783243672901], [37.5709600058073, 55.8783218542168], [37.5709589595736, 55.8783175885601], [37.5709617135009, 55.8783119555344], [37.5710360172144, 55.8782283304812], [37.5710797233578, 55.8781885530123], [37.5710854995627, 55.878184346329], [37.5710996690802, 55.8781830089559], [37.5712041938049, 55.878183398246], [37.5712350170949, 55.8781761953285], [37.5712353904368, 55.8781617976314], [37.5712376019623, 55.8780773065792], [37.571238439297, 55.8780456370249], [37.5711447927732, 55.8780437416176], [37.5711386922858, 55.8778952345678], [37.5712033042654, 55.8778951975989], [37.571204368253, 55.8778034141518], [37.5712366434353, 55.8777864384355], [37.5712441514824, 55.8777857515347], [37.5712397139237, 55.8777703865807], [37.5714051823438, 55.877546353784], [37.5715399086693, 55.8773659979402], [37.5715520240536, 55.8773510725539], [37.5715952663758, 55.8773030859914], [37.571593604427, 55.8772590412409], [37.571593357247, 55.8772549098527], [37.5715884442551, 55.877171536599], [37.5715885990845, 55.8771688240703], [37.5715883224218, 55.8771660489188], [37.571587566369, 55.8771632291353], [37.5715863150311, 55.8771604096369], [37.5715845844669, 55.8771576353221], [37.5715834636274, 55.877156288729]]]}", "status": "active", "control_service": ["stroy_control_1"], "foreman": ["foreman_1"], "contract_number": "КТ-0004-2024", "planned_start_date": "2024-04-15", "planned_end_date": "2024-08-25", "actual_start_date": null, "actual_end_date": null, "description": "Комплексные работы по благоустройству территории Путевой проезд, дом 38", "opening_act": "", "opening_checklist_completed": true, "created_at": "2025-09-22T20:11:06.187Z", "updated_at": "2025-09-25T21:42:50.138Z"}}, {"model": "projects.project", "pk": 5, "fields": {"name": "Проект благоустройства: Флотская 54,58к1", "address": "Флотская улица, д.54,58к1", "coordinates": "{\"type\": \"Polygon\", \"coordinates\": [[[37.5051017825647, 55.8553877117224], [37.5051681643041, 55.8554111603478], [37.5051839094663, 55.8554171325542], [37.5052104335301, 55.8554272089655], [37.5052348657006, 55.8554364771022], [37.505320665691, 55.8554678736638], [37.5053349417489, 55.8554730914498], [37.5055836076713, 55.8555640746525], [37.5055906010443, 55.8555588560566], [37.505591798714, 55.8555593589798], [37.5055985685554, 55.8555543290062], [37.5056303420759, 55.8555306881272], [37.5056370959415, 55.8555256761153], [37.5056600878064, 55.8555085741961], [37.5058007368723, 55.8554036901291], [37.5058058141532, 55.8553994595778], [37.5058264745316, 55.8553823038336], [37.5058565869194, 55.8553572887768], [37.5058941076043, 55.8553261299751], [37.5058990252053, 55.8553220521141], [37.506030315168, 55.8552130096855], [37.5061498259443, 55.8551460554965], [37.5061511670796, 55.8551448339374], [37.506213593672, 55.855088202068], [37.5063288189548, 55.854983677786], [37.5063448758986, 55.8549371163449], [37.5063579817703, 55.8549113834093], [37.506359386544, 55.8549086529331], [37.5063875457515, 55.854853387743], [37.5064135018962, 55.8548020296519], [37.5064183859271, 55.8547875959652], [37.5064683524653, 55.8547021694697], [37.5065189053775, 55.8546957632065], [37.506580507928, 55.8546892396364], [37.5066376875542, 55.8546837581157], [37.5066423660015, 55.8546831112143], [37.5066383562679, 55.8546710401115], [37.5064796084454, 55.8546935286268], [37.5064325378433, 55.8547091229083], [37.5064179459915, 55.8547273562699], [37.5064100429371, 55.8547340838674], [37.5063297798037, 55.8547810703949], [37.5063243988607, 55.8547824358458], [37.5062826123076, 55.8547902068395], [37.5062372486311, 55.8547956876666], [37.5060473782174, 55.8548135424986], [37.5060432735312, 55.8548064741422], [37.5059342937921, 55.8548093080122], [37.5059339105652, 55.8548093080284], [37.5059109169851, 55.8548095245581], [37.5058878899331, 55.8547981547971], [37.505860247908, 55.8547845128748], [37.5058420594336, 55.8547755320137], [37.5057650795589, 55.8547812924072], [37.5057538507148, 55.8547541863417], [37.5058338162198, 55.8547462253348], [37.5058292635512, 55.8547320525295], [37.5057479887717, 55.8547404267413], [37.5057112177327, 55.8546368162834], [37.5057012819385, 55.8546064767773], [37.5056961065692, 55.8545921063964], [37.5056253289212, 55.8543950704779], [37.5055467255931, 55.8541794159221], [37.505489030816, 55.8540153060165], [37.5051482574417, 55.8540516224398], [37.5049518915995, 55.8540713889022], [37.50493031976, 55.8540735003217], [37.5048811563929, 55.8540782891946], [37.504806109984, 55.8540856117255], [37.5047633974045, 55.8540899422747], [37.5044715464808, 55.8541194830682], [37.5041845491402, 55.8541479182939], [37.5039963738342, 55.854169739792], [37.5042904885571, 55.8542673887718], [37.5042507956255, 55.8542942000486], [37.5042623250932, 55.854303890885], [37.5042603451821, 55.8543046453979], [37.5042583493026, 55.8543053909296], [37.5043077727617, 55.8543467768023], [37.5043795497049, 55.8543745548403], [37.5045682772128, 55.8544391628604], [37.5044653106823, 55.8545300689974], [37.5041535800796, 55.8544192179514], [37.504152446466, 55.8544202149427], [37.5041510733578, 55.8544214364811], [37.5038739306543, 55.8543150116956], [37.5038236198945, 55.8543538405119], [37.5036672768572, 55.8542970176433], [37.5035196528681, 55.8542445055551], [37.5034712540028, 55.8542272888801], [37.5033165609946, 55.8542358786618], [37.5032786703044, 55.8542405049875], [37.5030198056521, 55.8542622545852], [37.502940878725, 55.8542749201142], [37.5029137636715, 55.8542370451108], [37.5029119751658, 55.8542345482524], [37.5028374215273, 55.8542132451531], [37.502808743388, 55.8542050544049], [37.5027640655535, 55.8541922922719], [37.502751150608, 55.8542458768261], [37.5027440306133, 55.8542754713786], [37.5027366392151, 55.8543061527109], [37.5027365434356, 55.8543066556831], [37.5027364636177, 55.854307041894], [37.502734196765, 55.8543175773704], [37.5027276194836, 55.8543440822357], [37.50271976478, 55.8543704883235], [37.5027106645848, 55.8543967597065], [37.5027090201318, 55.854400909241], [37.5027003029272, 55.8544228784214], [37.5026887117396, 55.8544488354858], [37.5026848639274, 55.8544565507578], [37.5026775834177, 55.8544711909124], [37.5026760985747, 55.8544741458886], [37.5026757792442, 55.8544745949746], [37.5026709413739, 55.8544811336697], [37.5026634528422, 55.8544870796196], [37.5026556129441, 55.8544914986993], [37.5026501042186, 55.8544938250249], [37.5026842118273, 55.8545077100697], [37.5027103354612, 55.8545183349064], [37.5027379441341, 55.8545295704634], [37.5028183429631, 55.8545596036561], [37.5030274922754, 55.8546377310241], [37.5032039556747, 55.8547036526784], [37.5032325065681, 55.8547125528843], [37.5032922593521, 55.8547350775522], [37.5033664633997, 55.8547630447426], [37.5036496114848, 55.8548652581415], [37.5037187697584, 55.8548873961684], [37.5037442366558, 55.8548645732541], [37.5038282297133, 55.8548946236606], [37.5038027628454, 55.8549174465921], [37.5041521987275, 55.855052610714], [37.5041678623299, 55.8550425239198], [37.5041952481398, 55.8550525825631], [37.5041965256129, 55.8550530585529], [37.5043572479836, 55.8551133026096], [37.504409592615, 55.8551326115327], [37.5044472942292, 55.8551468732079], [37.5046593084372, 55.8552270724625], [37.5047118289886, 55.8552460848578], [37.5047633276029, 55.8552647290177], [37.5049000985814, 55.8553142490953], [37.5051017825647, 55.8553877117224]]]}", "status": "active", "control_service": ["stroy_control_1"], "foreman": ["foreman_1"], "contract_number": "КТ-0005-2024", "planned_start_date": "2024-06-01", "planned_end_date": "2024-09-15", "actual_start_date": null, "actual_end_date": null, "description": "Комплексные работы по благоустройству территории Флотская улица, д.54,58к1", "opening_act": "", "opening_checklist_completed": false, "created_at": "2025-09-22T20:11:06.192Z", "updated_at": "2025-09-23T13:52:13.721Z"}}, {"model": "projects.project", "pk": 14, "fields": {"name": "Благоустройство сквера на ул. Ленинской", "address": "ул. Ленинская, 125", "coordinates": "", "status": "planned", "control_service": ["admin"], "foreman": ["foreman_1"], "contract_number": "КТ-2024-001", "planned_start_date": "2025-10-30", "planned_end_date": "2025-12-29", "actual_start_date": null, "actual_end_date": null, "description": "Планируемое обустройство детской площадки и пешеходных дорожек", "opening_act": "", "opening_checklist_completed": false, "created_at": "2025-09-30T09:19:31.015Z", "updated_at": "2025-09-30T09:19:31.016Z"}}, {"model": "projects.project", "pk": 15, "fields": {"name": "Реконструкция парка Победы", "address": "Парк Победы", "coordinates": "", "status": "completed", "control_service": ["admin"], "foreman": ["foreman_1"], "contract_number": "КТ-2023-099", "planned_start_date": "2025-06-02", "planned_end_date": "2025-08-31", "actual_start_date": "2025-06-04", "actual_end_date": "2025-09-02", "description": "Завершенная реконструкция центральной аллеи и установка скамеек", "opening_act": "", "opening_checklist_completed": false, "created_at": "2025-09-30T09:19:31.018Z", "updated_at": "2025-09-30T09:19:31.018Z"}}, {"model": "projects.project", "pk": 16, "fields": {"name": "Строительство городского парка \"Радуга\"", "address": "г. Москва, ул. Садовая, д. 15", "coordinates": "", "status": "active", "control_service": null, "foreman": null, "contract_number": "DEMO-2024-001", "planned_start_date": "2024-01-15", "planned_end_date": "2024-03-30", "actual_start_date": null, "actual_end_date": null, "description": "Демонстрационный проект для хакатона", "opening_act": "", "opening_checklist_completed": false, "created_at": "2025-09-30T20:10:17.306Z", "updated_at": "2025-09-30T20:10:17.306Z"}}, {"model": "projects.worktype", "pk": 1, "fields": {"name": "Планировка территории", "code": "PLAN", "description": ""}}, {"model": "projects.worktype", "pk": 2, "fields": {"name": "Дренажные работы", "code": "DRAIN", "description": ""}}, {"model": "projects.worktype", "pk": 3, "fields": {"name": "Укладка покрытий", "code": "PAVING", "description": ""}}, {"model": "projects.worktype", "pk": 4, "fields": {"name": "Освещение", "code": "LIGHT", "description": ""}}, {"model": "projects.worktype", "pk": 5, "fields": {"name": "Озеленение", "code": "LANDSCAPE", "description": ""}}, {"model": "projects.worktype", "pk": 6, "fields": {"name": "Установка малых архитектурных форм", "code": "BENCH", "description": ""}}, {"model": "projects.worktype", "pk": 7, "fields": {"name": "Земляные работы", "code": "EARTH_001", "description": "Рытье котлованов, траншей, планировка"}}, {"model": "projects.worktype", "pk": 8, "fields": {"name": "Бетонные работы", "code": "CONCR_001", "description": "Заливка фундамента, бетонирование"}}, {"model": "projects.worktype", "pk": 9, "fields": {"name": "Асфальтирование", "code": "ASPHL_001", "description": "Укладка асфальтового покрытия"}}, {"model": "projects.worktype", "pk": 10, "fields": {"name": "Покрасочные работы", "code": "PAINT_001", "description": "Покраска оборудования и конструкций"}}, {"model": "projects.worktype", "pk": 11, "fields": {"name": "Плиточные работы", "code": "TILE_001", "description": "Укладка тротуарной плитки"}}, {"model": "projects.worktype", "pk": 12, "fields": {"name": "Металлоконструкции", "code": "METAL_001", "description": "Монтаж металлических конструкций"}}, {"model": "projects.worktype", "pk": 13, "fields": {"name": "Электромонтажные работы", "code": "ELEC_001", "description": "Монтаж электрооборудования"}}, {"model": "projects.worktype", "pk": 14, "fields": {"name": "Ландшафтные работы", "code": "LAND_001", "description": "Озеленение, посадка растений"}}, {"model": "projects.worktype", "pk": 15, "fields": {"name": "Демонтажные работы", "code": "DEMO_001", "description": "Снос и демонтаж конструкций"}}, {"model": "projects.worktype", "pk": 16, "fields": {"name": "Кровельные работы", "code": "ROOF_001", "description": "Монтаж кровли и гидроизоляция"}}, {"model": "projects.worktype", "pk": 17, "fields": {"name": "🏗️ Умные земляные работы", "code": "SMART_EARTH", "description": "Высокотехнологичные земляные работы с GPS-контролем и автоматизированными машинами"}}, {"model": "projects.worktype", "pk": 18, "fields": {"name": "🌱 Эко-бетонирование", "code": "ECO_CONCRETE", "description": "Экологически чистое бетонирование с использованием переработанных материалов"}}, {"model": "projects.worktype", "pk": 19, "fields": {"name": "🧠 Нейро-асфальтирование", "code": "NEURAL_ASPHALT", "description": "Умная укладка асфальта с AI-оптимизацией температуры и плотности"}}, {"model": "projects.worktype", "pk": 20, "fields": {"name": "🎨 Нано-покрытия", "code": "NANO_PAINTING", "description": "Инновационные нано-покрытия с самоочищающимися свойствами"}}, {"model": "projects.worktype", "pk": 21, "fields": {"name": "💎 Умная плитка", "code": "SMART_TILES", "description": "Интеллектуальная тротуарная плитка с LED-подсветкой и датчиками"}}, {"model": "projects.worktype", "pk": 22, "fields": {"name": "⚡ Карбоновые конструкции", "code": "CARBON_METAL", "description": "Сверхлегкие карбоновые металлоконструкции с повышенной прочностью"}}, {"model": "projects.worktype", "pk": 23, "fields": {"name": "📡 IoT-электромонтаж", "code": "IOT_ELECTRIC", "description": "Монтаж умных электросистем с IoT-датчиками и автоматизацией"}}, {"model": "projects.worktype", "pk": 24, "fields": {"name": "🌿 Био-ландшафт", "code": "BIO_LANDSCAPE", "description": "Создание био-совместимых ландшафтов с очисткой воздуха"}}, {"model": "projects.worktype", "pk": 25, "fields": {"name": "🚁 Дрон-демонтаж", "code": "DRONE_DEMO", "description": "Демонтаж с помощью дронов и роботизированных систем"}}, {"model": "projects.worktype", "pk": 26, "fields": {"name": "☀️ Солнечная кровля", "code": "SOLAR_ROOF", "description": "Установка энергогенерирующих кровельных систем"}}, {"model": "projects.worktype", "pk": 27, "fields": {"name": "💧 Гидро-системы", "code": "HYDRO_WORK", "description": "Монтаж умных систем водоотведения и очистки"}}, {"model": "projects.worktype", "pk": 28, "fields": {"name": "✨ Квантовое освещение", "code": "QUANTUM_LIGHTS", "description": "Установка квантово-эффективных систем освещения"}}, {"model": "projects.worktype", "pk": 29, "fields": {"name": "Монтаж металлоконструкций", "code": "МОН-06", "description": "Сборка металлических каркасов и ферм"}}, {"model": "projects.work", "pk": 1, "fields": {"project": 5, "work_type": 1, "name": "Планировка и разметка территории", "status": "completed", "planned_start_date": "2025-09-30", "planned_end_date": "2025-10-05", "actual_start_date": "2025-09-30", "actual_end_date": "2025-10-05", "volume": "100.00", "unit": "м²", "description": "", "reported_by_foreman": false, "verified_by_control": false, "created_at": "2025-09-30T09:50:52.717Z", "updated_at": "2025-09-30T09:50:52.717Z"}}, {"model": "projects.work", "pk": 2, "fields": {"project": 5, "work_type": 2, "name": "Прокладка дренажных систем", "status": "in_progress", "planned_start_date": "2025-10-06", "planned_end_date": "2025-10-16", "actual_start_date": "2025-10-06", "actual_end_date": null, "volume": "100.00", "unit": "м²", "description": "", "reported_by_foreman": false, "verified_by_control": false, "created_at": "2025-09-30T09:50:52.718Z", "updated_at": "2025-09-30T09:50:52.718Z"}}, {"model": "projects.work", "pk": 3, "fields": {"project": 5, "work_type": 3, "name": "Укладка тротуарной плитки", "status": "not_started", "planned_start_date": "2025-10-17", "planned_end_date": "2025-11-01", "actual_start_date": null, "actual_end_date": null, "volume": "100.00", "unit": "м²", "description": "", "reported_by_foreman": false, "verified_by_control": false, "created_at": "2025-09-30T09:50:52.719Z", "updated_at": "2025-09-30T09:50:52.719Z"}}, {"model": "projects.work", "pk": 4, "fields": {"project": 5, "work_type": 4, "name": "Монтаж освещения", "status": "not_started", "planned_start_date": "2025-11-02", "planned_end_date": "2025-11-10", "actual_start_date": null, "actual_end_date": null, "volume": "100.00", "unit": "м²", "description": "", "reported_by_foreman": false, "verified_by_control": false, "created_at": "2025-09-30T09:50:52.720Z", "updated_at": "2025-09-30T09:50:52.720Z"}}, {"model": "projects.work", "pk": 5, "fields": {"project": 5, "work_type": 5, "name": "Посадка растений", "status": "not_started", "planned_start_date": "2025-11-11", "planned_end_date": "2025-11-18", "actual_start_date": null, "actual_end_date": null, "volume": "100.00", "unit": "м²", "description": "", "reported_by_foreman": false, "verified_by_control": false, "created_at": "2025-09-30T09:50:52.722Z", "updated_at": "2025-09-30T09:50:52.722Z"}}, {"model": "projects.work", "pk": 6, "fields": {"project": 5, "work_type": 6, "name": "Установка скамеек и урн", "status": "not_started", "planned_start_date": "2025-11-19", "planned_end_date": "2025-11-22", "actual_start_date": null, "actual_end_date": null, "volume": "100.00", "unit": "м²", "description": "", "reported_by_foreman": false, "verified_by_control": false, "created_at": "2025-09-30T09:50:52.723Z", "updated_at": "2025-09-30T09:50:52.723Z"}}, {"model": "projects.work", "pk": 7, "fields": {"project": 4, "work_type": 1, "name": "Планировка и разметка территории", "status": "completed", "planned_start_date": "2025-09-30", "planned_end_date": "2025-10-05", "actual_start_date": "2025-09-30", "actual_end_date": "2025-10-05", "volume": "100.00", "unit": "м²", "description": "", "reported_by_foreman": false, "verified_by_control": false, "created_at": "2025-09-30T09:50:52.725Z", "updated_at": "2025-09-30T09:50:52.725Z"}}, {"model": "projects.work", "pk": 8, "fields": {"project": 4, "work_type": 2, "name": "Прокладка дренажных систем", "status": "in_progress", "planned_start_date": "2025-10-06", "planned_end_date": "2025-10-16", "actual_start_date": "2025-10-06", "actual_end_date": null, "volume": "100.00", "unit": "м²", "description": "", "reported_by_foreman": false, "verified_by_control": false, "created_at": "2025-09-30T09:50:52.726Z", "updated_at": "2025-09-30T09:50:52.726Z"}}, {"model": "projects.work", "pk": 9, "fields": {"project": 4, "work_type": 3, "name": "Укладка тротуарной плитки", "status": "not_started", "planned_start_date": "2025-10-17", "planned_end_date": "2025-11-01", "actual_start_date": null, "actual_end_date": null, "volume": "100.00", "unit": "м²", "description": "", "reported_by_foreman": false, "verified_by_control": false, "created_at": "2025-09-30T09:50:52.727Z", "updated_at": "2025-09-30T09:50:52.727Z"}}, {"model": "projects.work", "pk": 10, "fields": {"project": 4, "work_type": 4, "name": "Монтаж освещения", "status": "not_started", "planned_start_date": "2025-11-02", "planned_end_date": "2025-11-10", "actual_start_date": null, "actual_end_date": null, "volume": "100.00", "unit": "м²", "description": "", "reported_by_foreman": false, "verified_by_control": false, "created_at": "2025-09-30T09:50:52.728Z", "updated_at": "2025-09-30T09:50:52.728Z"}}, {"model": "projects.work", "pk": 11, "fields": {"project": 4, "work_type": 5, "name": "Посадка растений", "status": "not_started", "planned_start_date": "2025-11-11", "planned_end_date": "2025-11-18", "actual_start_date": null, "actual_end_date": null, "volume": "100.00", "unit": "м²", "description": "", "reported_by_foreman": false, "verified_by_control": false, "created_at": "2025-09-30T09:50:52.729Z", "updated_at": "2025-09-30T09:50:52.729Z"}}, {"model": "projects.work", "pk": 12, "fields": {"project": 4, "work_type": 6, "name": "Установка скамеек и урн", "status": "not_started", "planned_start_date": "2025-11-19", "planned_end_date": "2025-11-22", "actual_start_date": null, "actual_end_date": null, "volume": "100.00", "unit": "м²", "description": "", "reported_by_foreman": false, "verified_by_control": false, "created_at": "2025-09-30T09:50:52.730Z", "updated_at": "2025-09-30T09:50:52.730Z"}}, {"model": "projects.work", "pk": 13, "fields": {"project": 3, "work_type": 1, "name": "Планировка и разметка территории", "status": "completed", "planned_start_date": "2025-09-30", "planned_end_date": "2025-10-05", "actual_start_date": "2025-09-30", "actual_end_date": "2025-10-05", "volume": "100.00", "unit": "м²", "description": "", "reported_by_foreman": false, "verified_by_control": false, "created_at": "2025-09-30T09:50:52.732Z", "updated_at": "2025-09-30T09:50:52.732Z"}}, {"model": "projects.work", "pk": 14, "fields": {"project": 3, "work_type": 2, "name": "Прокладка дренажных систем", "status": "in_progress", "planned_start_date": "2025-10-06", "planned_end_date": "2025-10-16", "actual_start_date": "2025-10-06", "actual_end_date": null, "volume": "100.00", "unit": "м²", "description": "", "reported_by_foreman": false, "verified_by_control": false, "created_at": "2025-09-30T09:50:52.733Z", "updated_at": "2025-09-30T09:50:52.733Z"}}, {"model": "projects.work", "pk": 15, "fields": {"project": 3, "work_type": 3, "name": "Укладка тротуарной плитки", "status": "not_started", "planned_start_date": "2025-10-17", "planned_end_date": "2025-11-01", "actual_start_date": null, "actual_end_date": null, "volume": "100.00", "unit": "м²", "description": "", "reported_by_foreman": false, "verified_by_control": false, "created_at": "2025-09-30T09:50:52.734Z", "updated_at": "2025-09-30T09:50:52.734Z"}}, {"model": "projects.work", "pk": 16, "fields": {"project": 3, "work_type": 4, "name": "Монтаж освещения", "status": "not_started", "planned_start_date": "2025-11-02", "planned_end_date": "2025-11-10", "actual_start_date": null, "actual_end_date": null, "volume": "100.00", "unit": "м²", "description": "", "reported_by_foreman": false, "verified_by_control": false, "created_at": "2025-09-30T09:50:52.735Z", "updated_at": "2025-09-30T09:50:52.735Z"}}, {"model": "projects.work", "pk": 17, "fields": {"project": 3, "work_type": 5, "name": "Посадка растений", "status": "not_started", "planned_start_date": "2025-11-11", "planned_end_date": "2025-11-18", "actual_start_date": null, "actual_end_date": null, "volume": "100.00", "unit": "м²", "description": "", "reported_by_foreman": false, "verified_by_control": false, "created_at": "2025-09-30T09:50:52.736Z", "updated_at": "2025-09-30T09:50:52.736Z"}}, {"model": "projects.work", "pk": 18, "fields": {"project": 3, "work_type": 6, "name": "Установка скамеек и урн", "status": "not_started", "planned_start_date": "2025-11-19", "planned_end_date": "2025-11-22", "actual_start_date": null, "actual_end_date": null, "volume": "100.00", "unit": "м²", "description": "", "reported_by_foreman": false, "verified_by_control": false, "created_at": "2025-09-30T09:50:52.737Z", "updated_at": "2025-09-30T09:50:52.737Z"}}, {"model": "projects.work", "pk": 19, "fields": {"project": 14, "work_type": 1, "name": "Подготовительные работы", "status": "not_started", "planned_start_date": "2025-10-30", "planned_end_date": "2025-11-02", "actual_start_date": null, "actual_end_date": null, "volume": "80.00", "unit": "м²", "description": "", "reported_by_foreman": false, "verified_by_control": false, "created_at": "2025-09-30T09:51:27.185Z", "updated_at": "2025-09-30T09:51:27.186Z"}}, {"model": "projects.work", "pk": 20, "fields": {"project": 14, "work_type": 2, "name": "Дренажные работы", "status": "not_started", "planned_start_date": "2025-11-03", "planned_end_date": "2025-11-10", "actual_start_date": null, "actual_end_date": null, "volume": "80.00", "unit": "м²", "description": "", "reported_by_foreman": false, "verified_by_control": false, "created_at": "2025-09-30T09:51:27.190Z", "updated_at": "2025-09-30T09:51:27.190Z"}}, {"model": "projects.work", "pk": 21, "fields": {"project": 14, "work_type": 3, "name": "Мощение дорожек", "status": "not_started", "planned_start_date": "2025-11-11", "planned_end_date": "2025-11-23", "actual_start_date": null, "actual_end_date": null, "volume": "80.00", "unit": "м²", "description": "", "reported_by_foreman": false, "verified_by_control": false, "created_at": "2025-09-30T09:51:27.191Z", "updated_at": "2025-09-30T09:51:27.191Z"}}, {"model": "projects.work", "pk": 22, "fields": {"project": 14, "work_type": 5, "name": "Озеленительные работы", "status": "not_started", "planned_start_date": "2025-11-24", "planned_end_date": "2025-11-29", "actual_start_date": null, "actual_end_date": null, "volume": "80.00", "unit": "м²", "description": "", "reported_by_foreman": false, "verified_by_control": false, "created_at": "2025-09-30T09:51:27.192Z", "updated_at": "2025-09-30T09:51:27.192Z"}}, {"model": "projects.work", "pk": 23, "fields": {"project": 15, "work_type": 1, "name": "Планировка территории", "status": "verified", "planned_start_date": "2025-08-06", "planned_end_date": "2025-08-10", "actual_start_date": "2025-08-06", "actual_end_date": "2025-08-09", "volume": "120.00", "unit": "м²", "description": "", "reported_by_foreman": false, "verified_by_control": false, "created_at": "2025-09-30T09:51:27.195Z", "updated_at": "2025-09-30T09:51:27.195Z"}}, {"model": "projects.work", "pk": 24, "fields": {"project": 15, "work_type": 2, "name": "Устройство дренажа", "status": "verified", "planned_start_date": "2025-08-11", "planned_end_date": "2025-08-19", "actual_start_date": "2025-08-11", "actual_end_date": "2025-08-18", "volume": "120.00", "unit": "м²", "description": "", "reported_by_foreman": false, "verified_by_control": false, "created_at": "2025-09-30T09:51:27.196Z", "updated_at": "2025-09-30T09:51:27.196Z"}}, {"model": "projects.work", "pk": 25, "fields": {"project": 15, "work_type": 3, "name": "Укладка покрытий", "status": "verified", "planned_start_date": "2025-08-20", "planned_end_date": "2025-09-07", "actual_start_date": "2025-08-20", "actual_end_date": "2025-09-06", "volume": "120.00", "unit": "м²", "description": "", "reported_by_foreman": false, "verified_by_control": false, "created_at": "2025-09-30T09:51:27.197Z", "updated_at": "2025-09-30T09:51:27.197Z"}}, {"model": "projects.work", "pk": 26, "fields": {"project": 15, "work_type": 4, "name": "Монтаж освещения", "status": "verified", "planned_start_date": "2025-09-08", "planned_end_date": "2025-09-14", "actual_start_date": "2025-09-08", "actual_end_date": "2025-09-13", "volume": "120.00", "unit": "м²", "description": "", "reported_by_foreman": false, "verified_by_control": false, "created_at": "2025-09-30T09:51:27.197Z", "updated_at": "2025-09-30T09:51:27.197Z"}}, {"model": "projects.work", "pk": 27, "fields": {"project": 15, "work_type": 5, "name": "Озеленение", "status": "verified", "planned_start_date": "2025-09-15", "planned_end_date": "2025-09-20", "actual_start_date": "2025-09-15", "actual_end_date": "2025-09-19", "volume": "120.00", "unit": "м²", "description": "", "reported_by_foreman": false, "verified_by_control": false, "created_at": "2025-09-30T09:51:27.199Z", "updated_at": "2025-09-30T09:51:27.199Z"}}, {"model": "projects.work", "pk": 28, "fields": {"project": 15, "work_type": 6, "name": "МАФ", "status": "verified", "planned_start_date": "2025-09-21", "planned_end_date": "2025-09-25", "actual_start_date": "2025-09-21", "actual_end_date": "2025-09-24", "volume": "120.00", "unit": "м²", "description": "", "reported_by_foreman": false, "verified_by_control": false, "created_at": "2025-09-30T09:51:27.200Z", "updated_at": "2025-09-30T09:51:27.200Z"}}, {"model": "projects.work", "pk": 29, "fields": {"project": 15, "work_type": 7, "name": "Подготовительные земляные работы", "status": "not_started", "planned_start_date": "2025-09-30", "planned_end_date": "2025-10-03", "actual_start_date": null, "actual_end_date": null, "volume": "150.50", "unit": "м³", "description": "Тестовая работа для демонстрации погодной аналитики", "reported_by_foreman": false, "verified_by_control": false, "created_at": "2025-09-30T19:53:13.525Z", "updated_at": "2025-09-30T19:53:13.525Z"}}, {"model": "projects.work", "pk": 30, "fields": {"project": 15, "work_type": 8, "name": "Заливка фундамента", "status": "not_started", "planned_start_date": "2025-10-02", "planned_end_date": "2025-10-05", "actual_start_date": null, "actual_end_date": null, "volume": "25.00", "unit": "м³", "description": "Тестовая работа для демонстрации погодной аналитики", "reported_by_foreman": false, "verified_by_control": false, "created_at": "2025-09-30T19:53:13.528Z", "updated_at": "2025-09-30T19:53:13.528Z"}}, {"model": "projects.work", "pk": 31, "fields": {"project": 15, "work_type": 12, "name": "Монтаж металлоконструкций", "status": "not_started", "planned_start_date": "2025-10-04", "planned_end_date": "2025-10-07", "actual_start_date": null, "actual_end_date": null, "volume": "5.20", "unit": "т", "description": "Тестовая работа для демонстрации погодной аналитики", "reported_by_foreman": false, "verified_by_control": false, "created_at": "2025-09-30T19:53:13.530Z", "updated_at": "2025-09-30T19:53:13.530Z"}}, {"model": "projects.work", "pk": 32, "fields": {"project": 15, "work_type": 9, "name": "Укладка асфальта", "status": "not_started", "planned_start_date": "2025-10-06", "planned_end_date": "2025-10-08", "actual_start_date": null, "actual_end_date": null, "volume": "200.00", "unit": "м²", "description": "Тестовая работа для демонстрации погодной аналитики", "reported_by_foreman": false, "verified_by_control": false, "created_at": "2025-09-30T19:53:13.532Z", "updated_at": "2025-09-30T19:53:13.532Z"}}, {"model": "projects.work", "pk": 33, "fields": {"project": 15, "work_type": 11, "name": "Укладка тротуарной плитки", "status": "not_started", "planned_start_date": "2025-10-08", "planned_end_date": "2025-10-10", "actual_start_date": null, "actual_end_date": null, "volume": "120.00", "unit": "м²", "description": "Тестовая работа для демонстрации погодной аналитики", "reported_by_foreman": false, "verified_by_control": false, "created_at": "2025-09-30T19:53:13.534Z", "updated_at": "2025-09-30T19:53:13.534Z"}}, {"model": "projects.work", "pk": 34, "fields": {"project": 15, "work_type": 10, "name": "Покраска ограждений", "status": "not_started", "planned_start_date": "2025-10-09", "planned_end_date": "2025-10-11", "actual_start_date": null, "actual_end_date": null, "volume": "80.00", "unit": "м²", "description": "Тестовая работа для демонстрации погодной аналитики", "reported_by_foreman": false, "verified_by_control": false, "created_at": "2025-09-30T19:53:13.535Z", "updated_at": "2025-09-30T19:53:13.535Z"}}, {"model": "projects.work", "pk": 35, "fields": {"project": 15, "work_type": 7, "name": "Озеленение территории", "status": "not_started", "planned_start_date": "2025-10-11", "planned_end_date": "2025-10-13", "actual_start_date": null, "actual_end_date": null, "volume": "50.00", "unit": "м²", "description": "Тестовая работа для демонстрации погодной аналитики", "reported_by_foreman": false, "verified_by_control": false, "created_at": "2025-09-30T19:53:13.537Z", "updated_at": "2025-09-30T19:53:13.537Z"}}, {"model": "projects.work", "pk": 36, "fields": {"project": 15, "work_type": 17, "name": "🤖 AI-управляемая подготовка территории", "status": "not_started", "planned_start_date": "2025-09-30", "planned_end_date": "2025-10-04", "actual_start_date": null, "actual_end_date": null, "volume": "2850.50", "unit": "м³", "description": "Автономная подготовка территории с использованием беспилотной спецтехники и нейросетевого планирования маршрутов", "reported_by_foreman": false, "verified_by_control": false, "created_at": "2025-09-30T20:00:50.015Z", "updated_at": "2025-09-30T20:00:50.015Z"}}, {"model": "projects.work", "pk": 37, "fields": {"project": 15, "work_type": 18, "name": "🌱 Заливка эко-фундамента с карбон-волокном", "status": "not_started", "planned_start_date": "2025-10-03", "planned_end_date": "2025-10-07", "actual_start_date": null, "actual_end_date": null, "volume": "156.80", "unit": "м³", "description": "Высокотехнологичное бетонирование с 40% переработанных материалов и углеродным волокном для дополнительной прочности", "reported_by_foreman": false, "verified_by_control": false, "created_at": "2025-09-30T20:00:50.017Z", "updated_at": "2025-09-30T20:00:50.017Z"}}, {"model": "projects.work", "pk": 38, "fields": {"project": 15, "work_type": 22, "name": "⚡ Монтаж карбоновых павильонов", "status": "not_started", "planned_start_date": "2025-10-06", "planned_end_date": "2025-10-10", "actual_start_date": null, "actual_end_date": null, "volume": "12.40", "unit": "т", "description": "Установка сверхлегких павильонов из композитных материалов с встроенными солнечными панелями", "reported_by_foreman": false, "verified_by_control": false, "created_at": "2025-09-30T20:00:50.019Z", "updated_at": "2025-09-30T20:00:50.019Z"}}, {"model": "projects.work", "pk": 39, "fields": {"project": 15, "work_type": 23, "name": "📡 Развертывание умной электросети", "status": "not_started", "planned_start_date": "2025-10-08", "planned_end_date": "2025-10-12", "actual_start_date": null, "actual_end_date": null, "volume": "1240.00", "unit": "м.п.", "description": "Монтаж интеллектуальной электросети с IoT-датчиками энергопотребления и автоматическим регулированием нагрузки", "reported_by_foreman": false, "verified_by_control": false, "created_at": "2025-09-30T20:00:50.021Z", "updated_at": "2025-09-30T20:00:50.021Z"}}, {"model": "projects.work", "pk": 40, "fields": {"project": 15, "work_type": 19, "name": "🧠 Нейро-укладка умного асфальта", "status": "not_started", "planned_start_date": "2025-10-10", "planned_end_date": "2025-10-13", "actual_start_date": null, "actual_end_date": null, "volume": "3200.00", "unit": "м²", "description": "Укладка самовосстанавливающегося асфальта с микросенсорами для мониторинга состояния покрытия", "reported_by_foreman": false, "verified_by_control": false, "created_at": "2025-09-30T20:00:50.023Z", "updated_at": "2025-09-30T20:00:50.023Z"}}, {"model": "projects.work", "pk": 41, "fields": {"project": 15, "work_type": 21, "name": "💎 Укладка интерактивной плитки", "status": "not_started", "planned_start_date": "2025-10-12", "planned_end_date": "2025-10-15", "actual_start_date": null, "actual_end_date": null, "volume": "980.00", "unit": "м²", "description": "Монтаж тротуарной плитки со встроенной LED-подсветкой и датчиками пешеходного трафика", "reported_by_foreman": false, "verified_by_control": false, "created_at": "2025-09-30T20:00:50.025Z", "updated_at": "2025-09-30T20:00:50.025Z"}}, {"model": "projects.work", "pk": 42, "fields": {"project": 15, "work_type": 20, "name": "🎨 Нанесение самоочищающихся покрытий", "status": "not_started", "planned_start_date": "2025-10-14", "planned_end_date": "2025-10-17", "actual_start_date": null, "actual_end_date": null, "volume": "450.00", "unit": "м²", "description": "Применение нано-покрытий с фотокаталитическими свойствами для самоочистки и очистки воздуха", "reported_by_foreman": false, "verified_by_control": false, "created_at": "2025-09-30T20:00:50.028Z", "updated_at": "2025-09-30T20:00:50.028Z"}}, {"model": "projects.work", "pk": 43, "fields": {"project": 15, "work_type": 24, "name": "🌿 Создание биоактивных зеленых зон", "status": "not_started", "planned_start_date": "2025-10-16", "planned_end_date": "2025-10-20", "actual_start_date": null, "actual_end_date": null, "volume": "760.00", "unit": "м²", "description": "Высадка растений-очистителей воздуха с системой автополива на базе IoT", "reported_by_foreman": false, "verified_by_control": false, "created_at": "2025-09-30T20:00:50.030Z", "updated_at": "2025-09-30T20:00:50.030Z"}}, {"model": "projects.work", "pk": 44, "fields": {"project": 15, "work_type": 28, "name": "✨ Установка квантового освещения", "status": "not_started", "planned_start_date": "2025-10-18", "planned_end_date": "2025-10-21", "actual_start_date": null, "actual_end_date": null, "volume": "48.00", "unit": "шт", "description": "Монтаж энергоэффективных светильников с квантовыми точками и адаптивной яркостью", "reported_by_foreman": false, "verified_by_control": false, "created_at": "2025-09-30T20:00:50.032Z", "updated_at": "2025-09-30T20:00:50.032Z"}}, {"model": "projects.work", "pk": 45, "fields": {"project": 15, "work_type": 26, "name": "☀️ Интеграция солнечных панелей в кровлю", "status": "not_started", "planned_start_date": "2025-10-19", "planned_end_date": "2025-10-23", "actual_start_date": null, "actual_end_date": null, "volume": "340.00", "unit": "м²", "description": "Установка прозрачных солнечных панелей, интегрированных в архитектуру павильонов", "reported_by_foreman": false, "verified_by_control": false, "created_at": "2025-09-30T20:00:50.034Z", "updated_at": "2025-09-30T20:00:50.034Z"}}, {"model": "projects.projecttask", "pk": 1, "fields": {"project": 1, "title": "Ремонт асфальтобетонного покрытия проезжей части", "description": "Выполнить Ремонт асфальтобетонного покрытия проезжей части в объеме 450.0 Квадратный метр", "assigned_to": ["foreman_1"], "created_by": ["admin"], "priority": "high", "status": "in_progress", "due_date": null, "completed_at": null, "location_required": true, "location_lat": null, "location_lng": null, "created_at": "2025-09-22T20:11:06.176Z", "updated_at": "2025-09-22T20:11:06.176Z"}}, {"model": "projects.projecttask", "pk": 2, "fields": {"project": 2, "title": "Замена садового бортового камня в рамках благоустройства территории", "description": "Выполнить Замена садового бортового камня в рамках благоустройства территории в объеме 45.0 Погонный метр", "assigned_to": ["foreman_1"], "created_by": ["admin"], "priority": "medium", "status": "in_progress", "due_date": null, "completed_at": null, "location_required": true, "location_lat": null, "location_lng": null, "created_at": "2025-09-22T20:11:06.179Z", "updated_at": "2025-09-22T20:11:06.179Z"}}, {"model": "projects.projecttask", "pk": 3, "fields": {"project": 2, "title": "Устройство садового бортового камня в рамках благоустройства территории", "description": "Выполнить Устройство садового бортового камня в рамках благоустройства территории в объеме 25.0 Погонный метр", "assigned_to": ["foreman_1"], "created_by": ["admin"], "priority": "medium", "status": "pending", "due_date": null, "completed_at": null, "location_required": true, "location_lat": null, "location_lng": null, "created_at": "2025-09-22T20:11:06.180Z", "updated_at": "2025-09-22T20:11:06.180Z"}}, {"model": "projects.projecttask", "pk": 4, "fields": {"project": 3, "title": "Замена дорожного бортового камня в рамках благоустройства территории", "description": "Выполнить Замена дорожного бортового камня в рамках благоустройства территории в объеме 216.8 Погонный метр", "assigned_to": ["foreman_1"], "created_by": ["admin"], "priority": "medium", "status": "in_progress", "due_date": null, "completed_at": null, "location_required": true, "location_lat": null, "location_lng": null, "created_at": "2025-09-22T20:11:06.183Z", "updated_at": "2025-09-22T20:11:06.183Z"}}, {"model": "projects.projecttask", "pk": 5, "fields": {"project": 3, "title": "Ремонт покрытия асфальтобетонного автопарковки в рамках благоустройства территории", "description": "Выполнить Ремонт покрытия асфальтобетонного автопарковки в рамках благоустройства территории в объеме 365.0 Квадратный метр", "assigned_to": ["foreman_1"], "created_by": ["admin"], "priority": "high", "status": "pending", "due_date": null, "completed_at": null, "location_required": true, "location_lat": null, "location_lng": null, "created_at": "2025-09-22T20:11:06.184Z", "updated_at": "2025-09-22T20:11:06.184Z"}}, {"model": "projects.projecttask", "pk": 6, "fields": {"project": 3, "title": "Ремонт покрытия асфальтобетонного проезда в рамках благоустройства территории", "description": "Выполнить Ремонт покрытия асфальтобетонного проезда в рамках благоустройства территории в объеме 884.0 Квадратный метр", "assigned_to": ["foreman_1"], "created_by": ["admin"], "priority": "high", "status": "pending", "due_date": null, "completed_at": null, "location_required": true, "location_lat": null, "location_lng": null, "created_at": "2025-09-22T20:11:06.185Z", "updated_at": "2025-09-22T20:11:06.185Z"}}, {"model": "projects.projecttask", "pk": 7, "fields": {"project": 4, "title": "Замена дорожного бортового камня в рамках благоустройства территории", "description": "Выполнить Замена дорожного бортового камня в рамках благоустройства территории в объеме 379.0 Погонный метр", "assigned_to": ["foreman_1"], "created_by": ["admin"], "priority": "medium", "status": "in_progress", "due_date": null, "completed_at": null, "location_required": true, "location_lat": null, "location_lng": null, "created_at": "2025-09-22T20:11:06.188Z", "updated_at": "2025-09-22T20:11:06.188Z"}}, {"model": "projects.projecttask", "pk": 8, "fields": {"project": 4, "title": "Ремонт покрытия асфальтобетонного проезда в рамках благоустройства территории", "description": "Выполнить Ремонт покрытия асфальтобетонного проезда в рамках благоустройства территории в объеме 1333.0 Квадратный метр", "assigned_to": ["foreman_1"], "created_by": ["admin"], "priority": "high", "status": "pending", "due_date": null, "completed_at": null, "location_required": true, "location_lat": null, "location_lng": null, "created_at": "2025-09-22T20:11:06.189Z", "updated_at": "2025-09-22T20:11:06.189Z"}}, {"model": "projects.projecttask", "pk": 9, "fields": {"project": 4, "title": "Ремонт покрытия асфальтобетонного тротуара в рамках благоустройства территории", "description": "Выполнить Ремонт покрытия асфальтобетонного тротуара в рамках благоустройства территории в объеме 342.0 Квадратный метр", "assigned_to": ["foreman_1"], "created_by": ["admin"], "priority": "high", "status": "pending", "due_date": null, "completed_at": null, "location_required": true, "location_lat": null, "location_lng": null, "created_at": "2025-09-22T20:11:06.190Z", "updated_at": "2025-09-22T20:11:06.190Z"}}, {"model": "projects.projecttask", "pk": 10, "fields": {"project": 5, "title": "Устройство тротуарного покрытия из плитки", "description": "Выполнить Устройство тротуарного покрытия из плитки в объеме 280.0 Квадратный метр", "assigned_to": ["foreman_1"], "created_by": ["admin"], "priority": "medium", "status": "in_progress", "due_date": null, "completed_at": null, "location_required": true, "location_lat": null, "location_lng": null, "created_at": "2025-09-22T20:11:06.193Z", "updated_at": "2025-09-22T20:11:06.193Z"}}, {"model": "projects.comment", "pk": 1, "fields": {"project": 4, "work": null, "title": "Тестовое замечание по качеству работ", "description": "Обнаружено несоответствие качества выполненных работ техническим требованиям. Необходимо устранить недостатки в кратчайшие сроки.", "status": "accepted", "priority": "high", "created_by": ["admin"], "assigned_to": ["foreman_1"], "location_lat": 55.755826, "location_lng": 37.6173, "created_at_location": true, "due_date": "2025-09-30", "resolved_at": null, "response_comment": "", "created_at": "2025-09-30T11:27:07.958Z", "updated_at": "2025-09-30T11:28:53.759Z"}}, {"model": "projects.commentstatuschange", "pk": 1, "fields": {"comment": 1, "from_status": "pending", "to_status": "accepted", "changed_by": ["stroy_control_1"], "reason": "Принято к исполнению", "created_at": "2025-09-30T11:28:53.762Z"}}, {"model": "projects.electronicspecification", "pk": 1, "fields": {"project": 4, "source_file": "Перечень работ СОК- Путевой, 38.xlsx", "imported_at": "2025-09-23T14:41:43.115Z"}}, {"model": "projects.electronicspecification", "pk": 2, "fields": {"project": 5, "source_file": "Перечень_работ_СОК_Флотская_54,58к1.xlsx", "imported_at": "2025-09-23T14:41:43.145Z"}}, {"model": "projects.electronicspecification", "pk": 3, "fields": {"project": 1, "source_file": "Перечень работ СОК- Бестужевых 27.xlsx", "imported_at": "2025-09-23T14:41:43.166Z"}}, {"model": "projects.electronicspecification", "pk": 4, "fields": {"project": 3, "source_file": "Перечень_работ_СОК_Проспект_Мира_194.xlsx", "imported_at": "2025-09-23T14:50:08.151Z"}}, {"model": "projects.electronicspecification", "pk": 5, "fields": {"project": 2, "source_file": "Перечень_работ_СОК_Каргопольская_18.xlsx", "imported_at": "2025-09-23T14:50:08.272Z"}}, {"model": "projects.specificationitem", "pk": 57, "fields": {"specification": 4, "code": "Устройство садового бортового камня в рамках благо", "name": "15.0", "unit": "Погонный метр", "quantity": null, "unit_price": null, "total_price": null, "category": "Благоустройство", "order": 0, "notes": ""}}, {"model": "projects.specificationitem", "pk": 58, "fields": {"specification": 4, "code": "Ремонт покрытия асфальтобетонного автопарковки в р", "name": "365.0", "unit": "Квадратный метр", "quantity": null, "unit_price": null, "total_price": null, "category": "Фундаментные работы", "order": 1, "notes": ""}}, {"model": "projects.specificationitem", "pk": 59, "fields": {"specification": 4, "code": "Ремонт покрытия асфальтобетонного тротуара в рамка", "name": "156.0", "unit": "Квадратный метр", "quantity": null, "unit_price": null, "total_price": null, "category": "Фундаментные работы", "order": 2, "notes": ""}}, {"model": "projects.specificationitem", "pk": 60, "fields": {"specification": 4, "code": "Ремонт покрытия асфальтобетонного проезда в рамках", "name": "884.0", "unit": "Квадратный метр", "quantity": null, "unit_price": null, "total_price": null, "category": "Фундаментные работы", "order": 3, "notes": ""}}, {"model": "projects.specificationitem", "pk": 61, "fields": {"specification": 4, "code": "Замена дорожного бортового камня в рамках благоуст", "name": "216.8", "unit": "Погонный метр", "quantity": null, "unit_price": null, "total_price": null, "category": "Благоустройство", "order": 4, "notes": ""}}, {"model": "projects.specificationitem", "pk": 62, "fields": {"specification": 1, "code": "Ремонт покрытия асфальтобетонного проезда в рамках", "name": "1333", "unit": "Квадратный метр", "quantity": null, "unit_price": null, "total_price": null, "category": "Фундаментные работы", "order": 0, "notes": ""}}, {"model": "projects.specificationitem", "pk": 63, "fields": {"specification": 1, "code": "Устройство покрытия асфальтобетонного проезда в ра", "name": "151", "unit": "Квадратный метр", "quantity": null, "unit_price": null, "total_price": null, "category": "Фундаментные работы", "order": 1, "notes": ""}}, {"model": "projects.specificationitem", "pk": 64, "fields": {"specification": 1, "code": "Ремонт покрытия асфальтобетонного тротуара в рамка", "name": "342", "unit": "Квадратный метр", "quantity": null, "unit_price": null, "total_price": null, "category": "Фундаментные работы", "order": 2, "notes": ""}}, {"model": "projects.specificationitem", "pk": 65, "fields": {"specification": 1, "code": "Замена дорожного бортового камня в рамках благоуст", "name": "379", "unit": "Погонный метр", "quantity": null, "unit_price": null, "total_price": null, "category": "Благоустройство", "order": 3, "notes": ""}}, {"model": "projects.specificationitem", "pk": 66, "fields": {"specification": 1, "code": "Ремонт покрытия асфальтобетонного автопарковки в р", "name": "481", "unit": "Квадратный метр", "quantity": null, "unit_price": null, "total_price": null, "category": "Фундаментные работы", "order": 5, "notes": ""}}, {"model": "projects.specificationitem", "pk": 67, "fields": {"specification": 2, "code": "Ремонт покрытия асфальтобетонного проезда в рамках", "name": "Позиция 0", "unit": "Квадратный метр", "quantity": null, "unit_price": null, "total_price": null, "category": "Фундаментные работы", "order": 0, "notes": ""}}, {"model": "projects.specificationitem", "pk": 68, "fields": {"specification": 2, "code": "Ремонт люка подземных коммуникаций (смотрового кол", "name": "Позиция 1", "unit": "Штука", "quantity": null, "unit_price": null, "total_price": null, "category": "Благоустройство", "order": 1, "notes": ""}}, {"model": "projects.specificationitem", "pk": 69, "fields": {"specification": 2, "code": "Замена дорожного бортового камня в рамках благоуст", "name": "Позиция 2", "unit": "Погонный метр", "quantity": null, "unit_price": null, "total_price": null, "category": "Благоустройство", "order": 2, "notes": ""}}, {"model": "projects.specificationitem", "pk": 70, "fields": {"specification": 2, "code": "Замена садового бортового камня в рамках благоустр", "name": "Позиция 3", "unit": "Погонный метр", "quantity": null, "unit_price": null, "total_price": null, "category": "Благоустройство", "order": 3, "notes": ""}}, {"model": "projects.specificationitem", "pk": 71, "fields": {"specification": 2, "code": "Ремонт покрытия асфальтобетонного тротуара в рамка", "name": "Позиция 4", "unit": "Квадратный метр", "quantity": null, "unit_price": null, "total_price": null, "category": "Фундаментные работы", "order": 4, "notes": ""}}, {"model": "projects.specificationitem", "pk": 72, "fields": {"specification": 2, "code": "Ремонт газона в рамках благоустройства территории", "name": "Позиция 5", "unit": "Квадратный метр", "quantity": null, "unit_price": null, "total_price": null, "category": "Благоустройство", "order": 5, "notes": ""}}, {"model": "projects.specificationitem", "pk": 73, "fields": {"specification": 2, "code": "Ремонт покрытия асфальтобетонного пешеходной дорож", "name": "Позиция 6", "unit": "Квадратный метр", "quantity": null, "unit_price": null, "total_price": null, "category": "Фундаментные работы", "order": 6, "notes": ""}}, {"model": "projects.specificationitem", "pk": 74, "fields": {"specification": 2, "code": "Устройство покрытия из резиновой крошки детской пл", "name": "Позиция 7", "unit": "Квадратный метр", "quantity": null, "unit_price": null, "total_price": null, "category": "Благоустройство", "order": 7, "notes": ""}}, {"model": "projects.specificationitem", "pk": 75, "fields": {"specification": 2, "code": "Установка ограждения контейнерной площадки в рамка", "name": "Позиция 8", "unit": "Погонный метр", "quantity": null, "unit_price": null, "total_price": null, "category": "Благоустройство", "order": 8, "notes": ""}}, {"model": "projects.specificationitem", "pk": 76, "fields": {"specification": 2, "code": "Установка ограждения детской площадки в рамках бла", "name": "Позиция 9", "unit": "Погонный метр", "quantity": null, "unit_price": null, "total_price": null, "category": "Благоустройство", "order": 9, "notes": ""}}, {"model": "projects.specificationitem", "pk": 77, "fields": {"specification": 2, "code": "Установка информационного стенда в рамках благоуст", "name": "Позиция 10", "unit": "Штука", "quantity": null, "unit_price": null, "total_price": null, "category": "Благоустройство", "order": 10, "notes": ""}}, {"model": "projects.specificationitem", "pk": 78, "fields": {"specification": 2, "code": "Установка скамьи в рамках благоустройства территор", "name": "Позиция 11", "unit": "Штука", "quantity": null, "unit_price": null, "total_price": null, "category": "Благоустройство", "order": 11, "notes": ""}}, {"model": "projects.specificationitem", "pk": 79, "fields": {"specification": 2, "code": "Установка урны в рамках благоустройства территории", "name": "Позиция 12", "unit": "Штука", "quantity": null, "unit_price": null, "total_price": null, "category": "Благоустройство", "order": 12, "notes": ""}}, {"model": "projects.specificationitem", "pk": 80, "fields": {"specification": 2, "code": "Установка игрового детского комплекса 1 категории ", "name": "Позиция 13", "unit": "Штука", "quantity": null, "unit_price": null, "total_price": null, "category": "Благоустройство", "order": 13, "notes": ""}}, {"model": "projects.specificationitem", "pk": 81, "fields": {"specification": 2, "code": "Установка игрового элемента карусель в рамках благ", "name": "Позиция 14", "unit": "Штука", "quantity": null, "unit_price": null, "total_price": null, "category": "Благоустройство", "order": 14, "notes": ""}}, {"model": "projects.specificationitem", "pk": 82, "fields": {"specification": 2, "code": "Установка игрового элемента качалка в рамках благо", "name": "Позиция 15", "unit": "Штука", "quantity": null, "unit_price": null, "total_price": null, "category": "Благоустройство", "order": 15, "notes": ""}}, {"model": "projects.specificationitem", "pk": 83, "fields": {"specification": 2, "code": "Установка игрового элемента качели в рамках благоу", "name": "Позиция 16", "unit": "Штука", "quantity": null, "unit_price": null, "total_price": null, "category": "Благоустройство", "order": 16, "notes": ""}}, {"model": "projects.specificationitem", "pk": 84, "fields": {"specification": 2, "code": "Установка игрового элемента песочница в рамках бла", "name": "Позиция 17", "unit": "Штука", "quantity": null, "unit_price": null, "total_price": null, "category": "Благоустройство", "order": 17, "notes": ""}}, {"model": "projects.specificationitem", "pk": 85, "fields": {"specification": 2, "code": "Установка спортивного детского комплекса 1 категор", "name": "Позиция 18", "unit": "Штука", "quantity": null, "unit_price": null, "total_price": null, "category": "Благоустройство", "order": 18, "notes": ""}}, {"model": "projects.specificationitem", "pk": 86, "fields": {"specification": 3, "code": "Устройство покрытия асфальтобетонного пешеходной д", "name": "13.0", "unit": "Квадратный метр", "quantity": null, "unit_price": null, "total_price": null, "category": "Фундаментные работы", "order": 0, "notes": ""}}, {"model": "projects.specificationitem", "pk": 87, "fields": {"specification": 3, "code": "Устройство садового бортового камня в рамках благо", "name": "22.0", "unit": "Погонный метр", "quantity": null, "unit_price": null, "total_price": null, "category": "Благоустройство", "order": 1, "notes": ""}}, {"model": "projects.specificationitem", "pk": 88, "fields": {"specification": 3, "code": "Ремонт газона в рамках благоустройства территории", "name": "2800.0", "unit": "Квадратный метр", "quantity": null, "unit_price": null, "total_price": null, "category": "Благоустройство", "order": 2, "notes": ""}}, {"model": "projects.specificationitem", "pk": 89, "fields": {"specification": 3, "code": "Замена покрытия из резиновой крошки детской площад", "name": "178.56", "unit": "Квадратный метр", "quantity": null, "unit_price": null, "total_price": null, "category": "Благоустройство", "order": 3, "notes": ""}}, {"model": "projects.specificationitem", "pk": 90, "fields": {"specification": 3, "code": "Замена покрытия из резиновой крошки спортивной пло", "name": "136.8", "unit": "Квадратный метр", "quantity": null, "unit_price": null, "total_price": null, "category": "Благоустройство", "order": 4, "notes": ""}}, {"model": "projects.specificationitem", "pk": 91, "fields": {"specification": 3, "code": "ОБУСТРОЙСТВО МАФ ТЕРРИТОРИЙ", "name": "26.0", "unit": "Штука", "quantity": null, "unit_price": null, "total_price": null, "category": "Общестроительные работы", "order": 5, "notes": ""}}, {"model": "projects.specificationitem", "pk": 92, "fields": {"specification": 3, "code": "Замена садового бортового камня в рамках благоустр", "name": "101.0", "unit": "Погонный метр", "quantity": null, "unit_price": null, "total_price": null, "category": "Благоустройство", "order": 6, "notes": ""}}, {"model": "projects.specificationitem", "pk": 93, "fields": {"specification": 5, "code": "Устройство садового бортового камня в рамках благо", "name": "48.0", "unit": "Погонный метр", "quantity": null, "unit_price": null, "total_price": null, "category": "Благоустройство", "order": 0, "notes": ""}}, {"model": "projects.specificationitem", "pk": 94, "fields": {"specification": 5, "code": "Замена садового бортового камня в рамках благоустр", "name": "70.0", "unit": "Погонный метр", "quantity": null, "unit_price": null, "total_price": null, "category": "Благоустройство", "order": 1, "notes": ""}}, {"model": "projects.specificationitem", "pk": 95, "fields": {"specification": 5, "code": "Ремонт газона в рамках благоустройства территории", "name": "150.0", "unit": "Квадратный метр", "quantity": null, "unit_price": null, "total_price": null, "category": "Благоустройство", "order": 2, "notes": ""}}, {"model": "projects.specificationitem", "pk": 96, "fields": {"specification": 5, "code": "Замена покрытия из резиновой крошки спортивной пло", "name": "387.0", "unit": "Квадратный метр", "quantity": null, "unit_price": null, "total_price": null, "category": "Благоустройство", "order": 3, "notes": ""}}, {"model": "projects.specificationitem", "pk": 97, "fields": {"specification": 5, "code": "Устройство покрытия асфальтобетонного пешеходной д", "name": "12.8", "unit": "Квадратный метр", "quantity": null, "unit_price": null, "total_price": null, "category": "Фундаментные работы", "order": 4, "notes": ""}}, {"model": "projects.specificationitem", "pk": 98, "fields": {"specification": 5, "code": "Замена покрытия из резиновой крошки детской площад", "name": "80.0", "unit": "Квадратный метр", "quantity": null, "unit_price": null, "total_price": null, "category": "Благоустройство", "order": 5, "notes": ""}}, {"model": "projects.specificationitem", "pk": 99, "fields": {"specification": 5, "code": "ОБУСТРОЙСТВО МАФ ТЕРРИТОРИЙ", "name": "14.0", "unit": "Штука", "quantity": null, "unit_price": null, "total_price": null, "category": "Общестроительные работы", "order": 6, "notes": ""}}, {"model": "projects.specificationitem", "pk": 100, "fields": {"specification": 5, "code": "Замена ограждения контейнерной площадки в рамках б", "name": "1.0", "unit": "Штука", "quantity": null, "unit_price": null, "total_price": null, "category": "Благоустройство", "order": 7, "notes": ""}}, {"model": "projects.networkschedule", "pk": 1, "fields": {"project": 5, "source_file": "Графики.xlsx", "project_duration_days": null, "critical_path_duration": null, "imported_at": "2025-09-23T14:41:43.189Z"}}, {"model": "projects.networkschedule", "pk": 2, "fields": {"project": 4, "source_file": "Генерированный график", "project_duration_days": 120, "critical_path_duration": null, "imported_at": "2025-09-23T14:51:04.305Z"}}, {"model": "projects.networkschedule", "pk": 3, "fields": {"project": 3, "source_file": "Генерированный график", "project_duration_days": 120, "critical_path_duration": null, "imported_at": "2025-09-23T14:51:04.366Z"}}, {"model": "projects.networkschedule", "pk": 4, "fields": {"project": 2, "source_file": "Генерированный график", "project_duration_days": 120, "critical_path_duration": null, "imported_at": "2025-09-23T14:51:04.426Z"}}, {"model": "projects.networkschedule", "pk": 5, "fields": {"project": 1, "source_file": "Генерированный график", "project_duration_days": 120, "critical_path_duration": null, "imported_at": "2025-09-23T14:51:04.433Z"}}, {"model": "projects.scheduletask", "pk": 31, "fields": {"schedule": 1, "task_id": "05S001", "name": "Фундаментные работы", "duration_days": 6, "early_start": 1, "early_finish": 6, "late_start": null, "late_finish": null, "is_critical": true, "resource_names": "Бригада Фундаментные", "predecessors": "", "successors": "", "work_type": null, "order": 1}}, {"model": "projects.scheduletask", "pk": 32, "fields": {"schedule": 1, "task_id": "05S002", "name": "Благоустройство", "duration_days": 32, "early_start": 7, "early_finish": 38, "late_start": null, "late_finish": null, "is_critical": true, "resource_names": "Бригада Благоустройство", "predecessors": "", "successors": "", "work_type": null, "order": 2}}, {"model": "projects.scheduletask", "pk": 33, "fields": {"schedule": 1, "task_id": "05T003", "name": "02.03.03.11", "duration_days": 7, "early_start": 39, "early_finish": 45, "late_start": 40, "late_finish": 45, "is_critical": true, "resource_names": "Универсальная бригада", "predecessors": "", "successors": "", "work_type": null, "order": 3}}, {"model": "projects.scheduletask", "pk": 34, "fields": {"schedule": 1, "task_id": "05T004", "name": "02.03.03.11", "duration_days": 8, "early_start": 46, "early_finish": 53, "late_start": 47, "late_finish": 53, "is_critical": true, "resource_names": "Универсальная бригада", "predecessors": "", "successors": "", "work_type": null, "order": 4}}, {"model": "projects.scheduletask", "pk": 35, "fields": {"schedule": 1, "task_id": "05T005", "name": "02.03.03.11", "duration_days": 4, "early_start": 54, "early_finish": 57, "late_start": 55, "late_finish": 59, "is_critical": false, "resource_names": "Универсальная бригада", "predecessors": "", "successors": "", "work_type": null, "order": 5}}, {"model": "projects.scheduletask", "pk": 36, "fields": {"schedule": 1, "task_id": "05T006", "name": "02.03.03.11", "duration_days": 6, "early_start": 58, "early_finish": 63, "late_start": 59, "late_finish": 65, "is_critical": false, "resource_names": "Универсальная бригада", "predecessors": "", "successors": "", "work_type": null, "order": 6}}, {"model": "projects.scheduletask", "pk": 37, "fields": {"schedule": 1, "task_id": "05T007", "name": "Задача Каргопольская улица д. 18", "duration_days": 8, "early_start": 64, "early_finish": 71, "late_start": 65, "late_finish": 73, "is_critical": false, "resource_names": "Универсальная бригада", "predecessors": "", "successors": "", "work_type": null, "order": 7}}, {"model": "projects.scheduletask", "pk": 38, "fields": {"schedule": 1, "task_id": "05T008", "name": "КПГЗ", "duration_days": 8, "early_start": 72, "early_finish": 79, "late_start": 72, "late_finish": 79, "is_critical": false, "resource_names": "Универсальная бригада", "predecessors": "", "successors": "", "work_type": null, "order": 8}}, {"model": "projects.scheduletask", "pk": 39, "fields": {"schedule": 1, "task_id": "05T009", "name": "02.03.03.11", "duration_days": 7, "early_start": 80, "early_finish": 86, "late_start": 82, "late_finish": 87, "is_critical": false, "resource_names": "Универсальная бригада", "predecessors": "", "successors": "", "work_type": null, "order": 9}}, {"model": "projects.scheduletask", "pk": 40, "fields": {"schedule": 1, "task_id": "05T010", "name": "02.03.03.11", "duration_days": 4, "early_start": 87, "early_finish": 90, "late_start": 88, "late_finish": 91, "is_critical": false, "resource_names": "Универсальная бригада", "predecessors": "", "successors": "", "work_type": null, "order": 10}}, {"model": "projects.scheduletask", "pk": 41, "fields": {"schedule": 1, "task_id": "05T011", "name": "02.03.03.03", "duration_days": 5, "early_start": 91, "early_finish": 95, "late_start": 91, "late_finish": 96, "is_critical": false, "resource_names": "Универсальная бригада", "predecessors": "", "successors": "", "work_type": null, "order": 11}}, {"model": "projects.scheduletask", "pk": 42, "fields": {"schedule": 1, "task_id": "05T012", "name": "02.03.03.11", "duration_days": 7, "early_start": 96, "early_finish": 102, "late_start": 98, "late_finish": 102, "is_critical": false, "resource_names": "Универсальная бригада", "predecessors": "", "successors": "", "work_type": null, "order": 12}}, {"model": "projects.scheduletask", "pk": 43, "fields": {"schedule": 1, "task_id": "05T013", "name": "02.03.03.11", "duration_days": 8, "early_start": 103, "early_finish": 110, "late_start": 104, "late_finish": 112, "is_critical": false, "resource_names": "Универсальная бригада", "predecessors": "", "successors": "", "work_type": null, "order": 13}}, {"model": "projects.scheduletask", "pk": 44, "fields": {"schedule": 1, "task_id": "05T014", "name": "02.03.03.11", "duration_days": 3, "early_start": 111, "early_finish": 113, "late_start": 112, "late_finish": 115, "is_critical": false, "resource_names": "Универсальная бригада", "predecessors": "", "successors": "", "work_type": null, "order": 14}}, {"model": "projects.scheduletask", "pk": 45, "fields": {"schedule": 1, "task_id": "05T015", "name": "02.03.03.06", "duration_days": 8, "early_start": 114, "early_finish": 121, "late_start": 114, "late_finish": 123, "is_critical": false, "resource_names": "Универсальная бригада", "predecessors": "", "successors": "", "work_type": null, "order": 15}}, {"model": "projects.scheduletask", "pk": 46, "fields": {"schedule": 1, "task_id": "05T016", "name": "Задача Бестужевых улица д. 27А", "duration_days": 6, "early_start": 122, "early_finish": 127, "late_start": 123, "late_finish": 127, "is_critical": false, "resource_names": "Универсальная бригада", "predecessors": "", "successors": "", "work_type": null, "order": 16}}, {"model": "projects.scheduletask", "pk": 47, "fields": {"schedule": 1, "task_id": "05T017", "name": "КПГЗ", "duration_days": 6, "early_start": 128, "early_finish": 133, "late_start": 130, "late_finish": 135, "is_critical": false, "resource_names": "Универсальная бригада", "predecessors": "", "successors": "", "work_type": null, "order": 17}}, {"model": "projects.scheduletask", "pk": 48, "fields": {"schedule": 1, "task_id": "05T018", "name": "02.03.03.11", "duration_days": 5, "early_start": 134, "early_finish": 138, "late_start": 135, "late_finish": 140, "is_critical": false, "resource_names": "Универсальная бригада", "predecessors": "", "successors": "", "work_type": null, "order": 18}}, {"model": "projects.scheduletask", "pk": 49, "fields": {"schedule": 1, "task_id": "05T019", "name": "02.03.03.11", "duration_days": 4, "early_start": 139, "early_finish": 142, "late_start": 139, "late_finish": 144, "is_critical": false, "resource_names": "Универсальная бригада", "predecessors": "", "successors": "", "work_type": null, "order": 19}}, {"model": "projects.scheduletask", "pk": 50, "fields": {"schedule": 1, "task_id": "05T020", "name": "02.03.03.03", "duration_days": 3, "early_start": 143, "early_finish": 145, "late_start": 145, "late_finish": 145, "is_critical": false, "resource_names": "Универсальная бригада", "predecessors": "", "successors": "", "work_type": null, "order": 20}}, {"model": "projects.scheduletask", "pk": 51, "fields": {"schedule": 1, "task_id": "05T021", "name": "02.03.03.11", "duration_days": 6, "early_start": 146, "early_finish": 151, "late_start": 148, "late_finish": 151, "is_critical": false, "resource_names": "Универсальная бригада", "predecessors": "", "successors": "", "work_type": null, "order": 21}}, {"model": "projects.scheduletask", "pk": 52, "fields": {"schedule": 1, "task_id": "05T022", "name": "02.03.03.11", "duration_days": 5, "early_start": 152, "early_finish": 156, "late_start": 154, "late_finish": 158, "is_critical": false, "resource_names": "Универсальная бригада", "predecessors": "", "successors": "", "work_type": null, "order": 22}}, {"model": "projects.scheduletask", "pk": 53, "fields": {"schedule": 1, "task_id": "05T023", "name": "02.03.03.11", "duration_days": 3, "early_start": 157, "early_finish": 159, "late_start": 157, "late_finish": 160, "is_critical": false, "resource_names": "Универсальная бригада", "predecessors": "", "successors": "", "work_type": null, "order": 23}}, {"model": "projects.scheduletask", "pk": 54, "fields": {"schedule": 1, "task_id": "05T024", "name": "Задача Челобитьевское шоссе д.14 к3, к4, к5", "duration_days": 3, "early_start": 160, "early_finish": 162, "late_start": 162, "late_finish": 163, "is_critical": false, "resource_names": "Универсальная бригада", "predecessors": "", "successors": "", "work_type": null, "order": 24}}, {"model": "projects.scheduletask", "pk": 55, "fields": {"schedule": 1, "task_id": "05T025", "name": "КПГЗ", "duration_days": 4, "early_start": 163, "early_finish": 166, "late_start": 164, "late_finish": 166, "is_critical": false, "resource_names": "Универсальная бригада", "predecessors": "", "successors": "", "work_type": null, "order": 25}}, {"model": "projects.scheduletask", "pk": 56, "fields": {"schedule": 1, "task_id": "05T026", "name": "02.03.03.06", "duration_days": 4, "early_start": 167, "early_finish": 170, "late_start": 169, "late_finish": 172, "is_critical": false, "resource_names": "Универсальная бригада", "predecessors": "", "successors": "", "work_type": null, "order": 26}}, {"model": "projects.scheduletask", "pk": 57, "fields": {"schedule": 1, "task_id": "05T027", "name": "02.03.03.11", "duration_days": 8, "early_start": 171, "early_finish": 178, "late_start": 173, "late_finish": 179, "is_critical": false, "resource_names": "Универсальная бригада", "predecessors": "", "successors": "", "work_type": null, "order": 27}}, {"model": "projects.scheduletask", "pk": 58, "fields": {"schedule": 1, "task_id": "05T028", "name": "02.03.03.11", "duration_days": 5, "early_start": 179, "early_finish": 183, "late_start": 179, "late_finish": 184, "is_critical": false, "resource_names": "Универсальная бригада", "predecessors": "", "successors": "", "work_type": null, "order": 28}}, {"model": "projects.scheduletask", "pk": 59, "fields": {"schedule": 1, "task_id": "05T029", "name": "Задача Путевой проезд д. 38", "duration_days": 5, "early_start": 184, "early_finish": 188, "late_start": 185, "late_finish": 190, "is_critical": false, "resource_names": "Универсальная бригада", "predecessors": "", "successors": "", "work_type": null, "order": 29}}, {"model": "projects.scheduletask", "pk": 60, "fields": {"schedule": 1, "task_id": "05T030", "name": "КПГЗ", "duration_days": 8, "early_start": 189, "early_finish": 196, "late_start": 189, "late_finish": 197, "is_critical": false, "resource_names": "Универсальная бригада", "predecessors": "", "successors": "", "work_type": null, "order": 30}}, {"model": "projects.scheduletask", "pk": 61, "fields": {"schedule": 1, "task_id": "05T031", "name": "02.03.03.11", "duration_days": 4, "early_start": 197, "early_finish": 200, "late_start": 198, "late_finish": 200, "is_critical": false, "resource_names": "Универсальная бригада", "predecessors": "", "successors": "", "work_type": null, "order": 31}}, {"model": "projects.scheduletask", "pk": 62, "fields": {"schedule": 1, "task_id": "05T032", "name": "02.03.03.11", "duration_days": 7, "early_start": 201, "early_finish": 207, "late_start": 202, "late_finish": 209, "is_critical": false, "resource_names": "Универсальная бригада", "predecessors": "", "successors": "", "work_type": null, "order": 32}}, {"model": "projects.scheduletask", "pk": 63, "fields": {"schedule": 1, "task_id": "05T033", "name": "02.03.03.11", "duration_days": 7, "early_start": 208, "early_finish": 214, "late_start": 209, "late_finish": 214, "is_critical": false, "resource_names": "Универсальная бригада", "predecessors": "", "successors": "", "work_type": null, "order": 33}}, {"model": "projects.scheduletask", "pk": 64, "fields": {"schedule": 1, "task_id": "05T034", "name": "02.03.03.11", "duration_days": 8, "early_start": 215, "early_finish": 222, "late_start": 216, "late_finish": 222, "is_critical": false, "resource_names": "Универсальная бригада", "predecessors": "", "successors": "", "work_type": null, "order": 34}}, {"model": "projects.scheduletask", "pk": 65, "fields": {"schedule": 1, "task_id": "05T035", "name": "02.03.03.11", "duration_days": 6, "early_start": 223, "early_finish": 228, "late_start": 225, "late_finish": 228, "is_critical": false, "resource_names": "Универсальная бригада", "predecessors": "", "successors": "", "work_type": null, "order": 35}}, {"model": "projects.scheduletask", "pk": 66, "fields": {"schedule": 1, "task_id": "05T036", "name": "02.03.03.11", "duration_days": 3, "early_start": 229, "early_finish": 231, "late_start": 230, "late_finish": 231, "is_critical": false, "resource_names": "Универсальная бригада", "predecessors": "", "successors": "", "work_type": null, "order": 36}}, {"model": "projects.scheduletask", "pk": 67, "fields": {"schedule": 1, "task_id": "05T037", "name": "Задача Флотская улица д. 54, д. 58к1", "duration_days": 3, "early_start": 232, "early_finish": 234, "late_start": 232, "late_finish": 234, "is_critical": false, "resource_names": "Универсальная бригада", "predecessors": "", "successors": "", "work_type": null, "order": 37}}, {"model": "projects.scheduletask", "pk": 68, "fields": {"schedule": 1, "task_id": "05T038", "name": "КПГЗ", "duration_days": 6, "early_start": 235, "early_finish": 240, "late_start": 235, "late_finish": 241, "is_critical": false, "resource_names": "Универсальная бригада", "predecessors": "", "successors": "", "work_type": null, "order": 38}}, {"model": "projects.scheduletask", "pk": 69, "fields": {"schedule": 1, "task_id": "05T039", "name": "02.03.03.11", "duration_days": 7, "early_start": 241, "early_finish": 247, "late_start": 243, "late_finish": 248, "is_critical": false, "resource_names": "Универсальная бригада", "predecessors": "", "successors": "", "work_type": null, "order": 39}}, {"model": "projects.scheduletask", "pk": 70, "fields": {"schedule": 1, "task_id": "05T040", "name": "02.03.03.10", "duration_days": 4, "early_start": 248, "early_finish": 251, "late_start": 249, "late_finish": 252, "is_critical": false, "resource_names": "Универсальная бригада", "predecessors": "", "successors": "", "work_type": null, "order": 40}}, {"model": "projects.scheduletask", "pk": 71, "fields": {"schedule": 1, "task_id": "05T041", "name": "02.03.03.11", "duration_days": 7, "early_start": 252, "early_finish": 258, "late_start": 252, "late_finish": 260, "is_critical": false, "resource_names": "Универсальная бригада", "predecessors": "", "successors": "", "work_type": null, "order": 41}}, {"model": "projects.scheduletask", "pk": 72, "fields": {"schedule": 1, "task_id": "05T042", "name": "02.03.03.11", "duration_days": 5, "early_start": 259, "early_finish": 263, "late_start": 259, "late_finish": 265, "is_critical": false, "resource_names": "Универсальная бригада", "predecessors": "", "successors": "", "work_type": null, "order": 42}}, {"model": "projects.scheduletask", "pk": 73, "fields": {"schedule": 1, "task_id": "05T043", "name": "02.03.03.11", "duration_days": 4, "early_start": 264, "early_finish": 267, "late_start": 264, "late_finish": 268, "is_critical": false, "resource_names": "Универсальная бригада", "predecessors": "", "successors": "", "work_type": null, "order": 43}}, {"model": "projects.scheduletask", "pk": 74, "fields": {"schedule": 1, "task_id": "05T044", "name": "02.03.03.03", "duration_days": 6, "early_start": 268, "early_finish": 273, "late_start": 270, "late_finish": 275, "is_critical": false, "resource_names": "Универсальная бригада", "predecessors": "", "successors": "", "work_type": null, "order": 44}}, {"model": "projects.scheduletask", "pk": 75, "fields": {"schedule": 1, "task_id": "05T045", "name": "02.03.03.11", "duration_days": 7, "early_start": 274, "early_finish": 280, "late_start": 274, "late_finish": 280, "is_critical": false, "resource_names": "Универсальная бригада", "predecessors": "", "successors": "", "work_type": null, "order": 45}}, {"model": "projects.scheduletask", "pk": 76, "fields": {"schedule": 1, "task_id": "05T046", "name": "02.03.03.11", "duration_days": 6, "early_start": 281, "early_finish": 286, "late_start": 281, "late_finish": 288, "is_critical": false, "resource_names": "Универсальная бригада", "predecessors": "", "successors": "", "work_type": null, "order": 46}}, {"model": "projects.scheduletask", "pk": 77, "fields": {"schedule": 1, "task_id": "05T047", "name": "02.03.03.06", "duration_days": 7, "early_start": 287, "early_finish": 293, "late_start": 288, "late_finish": 294, "is_critical": false, "resource_names": "Универсальная бригада", "predecessors": "", "successors": "", "work_type": null, "order": 47}}, {"model": "projects.scheduletask", "pk": 78, "fields": {"schedule": 1, "task_id": "05T048", "name": "02.03.03.06", "duration_days": 6, "early_start": 294, "early_finish": 299, "late_start": 295, "late_finish": 299, "is_critical": false, "resource_names": "Универсальная бригада", "predecessors": "", "successors": "", "work_type": null, "order": 48}}, {"model": "projects.scheduletask", "pk": 79, "fields": {"schedule": 1, "task_id": "05T049", "name": "02.03.03.06", "duration_days": 8, "early_start": 300, "early_finish": 307, "late_start": 302, "late_finish": 307, "is_critical": false, "resource_names": "Универсальная бригада", "predecessors": "", "successors": "", "work_type": null, "order": 49}}, {"model": "projects.scheduletask", "pk": 80, "fields": {"schedule": 1, "task_id": "05T050", "name": "02.03.03.06", "duration_days": 7, "early_start": 308, "early_finish": 314, "late_start": 308, "late_finish": 316, "is_critical": false, "resource_names": "Универсальная бригада", "predecessors": "", "successors": "", "work_type": null, "order": 50}}, {"model": "projects.scheduletask", "pk": 81, "fields": {"schedule": 1, "task_id": "05T051", "name": "02.03.03.06", "duration_days": 3, "early_start": 315, "early_finish": 317, "late_start": 315, "late_finish": 317, "is_critical": false, "resource_names": "Универсальная бригада", "predecessors": "", "successors": "", "work_type": null, "order": 51}}, {"model": "projects.scheduletask", "pk": 82, "fields": {"schedule": 1, "task_id": "05T052", "name": "02.03.03.06", "duration_days": 6, "early_start": 318, "early_finish": 323, "late_start": 319, "late_finish": 325, "is_critical": false, "resource_names": "Универсальная бригада", "predecessors": "", "successors": "", "work_type": null, "order": 52}}, {"model": "projects.scheduletask", "pk": 83, "fields": {"schedule": 1, "task_id": "05T053", "name": "02.03.03.06", "duration_days": 6, "early_start": 324, "early_finish": 329, "late_start": 324, "late_finish": 330, "is_critical": false, "resource_names": "Универсальная бригада", "predecessors": "", "successors": "", "work_type": null, "order": 53}}, {"model": "projects.scheduletask", "pk": 84, "fields": {"schedule": 1, "task_id": "05T054", "name": "02.03.03.06", "duration_days": 4, "early_start": 330, "early_finish": 333, "late_start": 332, "late_finish": 334, "is_critical": false, "resource_names": "Универсальная бригада", "predecessors": "", "successors": "", "work_type": null, "order": 54}}, {"model": "projects.scheduletask", "pk": 85, "fields": {"schedule": 1, "task_id": "05T055", "name": "02.03.03.06", "duration_days": 6, "early_start": 334, "early_finish": 339, "late_start": 336, "late_finish": 341, "is_critical": false, "resource_names": "Универсальная бригада", "predecessors": "", "successors": "", "work_type": null, "order": 55}}, {"model": "projects.scheduletask", "pk": 86, "fields": {"schedule": 1, "task_id": "05T056", "name": "02.03.03.06", "duration_days": 8, "early_start": 340, "early_finish": 347, "late_start": 340, "late_finish": 347, "is_critical": false, "resource_names": "Универсальная бригада", "predecessors": "", "successors": "", "work_type": null, "order": 56}}, {"model": "projects.scheduletask", "pk": 87, "fields": {"schedule": 1, "task_id": "05T057", "name": "02.03.03.06", "duration_days": 4, "early_start": 348, "early_finish": 351, "late_start": 350, "late_finish": 353, "is_critical": false, "resource_names": "Универсальная бригада", "predecessors": "", "successors": "", "work_type": null, "order": 57}}, {"model": "projects.scheduletask", "pk": 88, "fields": {"schedule": 2, "task_id": "04S001", "name": "Фундаментные работы", "duration_days": 8, "early_start": 1, "early_finish": 8, "late_start": null, "late_finish": null, "is_critical": true, "resource_names": "Бригада Фундаментные", "predecessors": "", "successors": "", "work_type": null, "order": 1}}, {"model": "projects.scheduletask", "pk": 89, "fields": {"schedule": 2, "task_id": "04S002", "name": "Благоустройство", "duration_days": 5, "early_start": 9, "early_finish": 13, "late_start": null, "late_finish": null, "is_critical": true, "resource_names": "Бригада Благоустройство", "predecessors": "", "successors": "", "work_type": null, "order": 2}}, {"model": "projects.scheduletask", "pk": 90, "fields": {"schedule": 2, "task_id": "04T003", "name": "02.03.03.11", "duration_days": 6, "early_start": 14, "early_finish": 19, "late_start": 15, "late_finish": 20, "is_critical": true, "resource_names": "Универсальная бригада", "predecessors": "", "successors": "", "work_type": null, "order": 3}}, {"model": "projects.scheduletask", "pk": 91, "fields": {"schedule": 2, "task_id": "04T004", "name": "02.03.03.11", "duration_days": 6, "early_start": 20, "early_finish": 25, "late_start": 21, "late_finish": 25, "is_critical": true, "resource_names": "Универсальная бригада", "predecessors": "", "successors": "", "work_type": null, "order": 4}}, {"model": "projects.scheduletask", "pk": 92, "fields": {"schedule": 2, "task_id": "04T005", "name": "02.03.03.11", "duration_days": 4, "early_start": 26, "early_finish": 29, "late_start": 27, "late_finish": 30, "is_critical": false, "resource_names": "Универсальная бригада", "predecessors": "", "successors": "", "work_type": null, "order": 5}}, {"model": "projects.scheduletask", "pk": 93, "fields": {"schedule": 2, "task_id": "04T006", "name": "02.03.03.11", "duration_days": 7, "early_start": 30, "early_finish": 36, "late_start": 32, "late_finish": 36, "is_critical": false, "resource_names": "Универсальная бригада", "predecessors": "", "successors": "", "work_type": null, "order": 6}}, {"model": "projects.scheduletask", "pk": 94, "fields": {"schedule": 2, "task_id": "04T007", "name": "Задача Каргопольская улица д. 18", "duration_days": 7, "early_start": 37, "early_finish": 43, "late_start": 38, "late_finish": 44, "is_critical": false, "resource_names": "Универсальная бригада", "predecessors": "", "successors": "", "work_type": null, "order": 7}}, {"model": "projects.scheduletask", "pk": 95, "fields": {"schedule": 2, "task_id": "04T008", "name": "КПГЗ", "duration_days": 8, "early_start": 44, "early_finish": 51, "late_start": 44, "late_finish": 52, "is_critical": false, "resource_names": "Универсальная бригада", "predecessors": "", "successors": "", "work_type": null, "order": 8}}, {"model": "projects.scheduletask", "pk": 96, "fields": {"schedule": 2, "task_id": "04T009", "name": "02.03.03.11", "duration_days": 4, "early_start": 52, "early_finish": 55, "late_start": 52, "late_finish": 57, "is_critical": false, "resource_names": "Универсальная бригада", "predecessors": "", "successors": "", "work_type": null, "order": 9}}, {"model": "projects.scheduletask", "pk": 97, "fields": {"schedule": 2, "task_id": "04T010", "name": "02.03.03.11", "duration_days": 7, "early_start": 56, "early_finish": 62, "late_start": 58, "late_finish": 64, "is_critical": false, "resource_names": "Универсальная бригада", "predecessors": "", "successors": "", "work_type": null, "order": 10}}, {"model": "projects.scheduletask", "pk": 98, "fields": {"schedule": 2, "task_id": "04T011", "name": "02.03.03.03", "duration_days": 7, "early_start": 63, "early_finish": 69, "late_start": 63, "late_finish": 70, "is_critical": false, "resource_names": "Универсальная бригада", "predecessors": "", "successors": "", "work_type": null, "order": 11}}, {"model": "projects.scheduletask", "pk": 99, "fields": {"schedule": 2, "task_id": "04T012", "name": "02.03.03.11", "duration_days": 3, "early_start": 70, "early_finish": 72, "late_start": 72, "late_finish": 74, "is_critical": false, "resource_names": "Универсальная бригада", "predecessors": "", "successors": "", "work_type": null, "order": 12}}, {"model": "projects.scheduletask", "pk": 100, "fields": {"schedule": 2, "task_id": "04T013", "name": "02.03.03.11", "duration_days": 5, "early_start": 73, "early_finish": 77, "late_start": 73, "late_finish": 77, "is_critical": false, "resource_names": "Универсальная бригада", "predecessors": "", "successors": "", "work_type": null, "order": 13}}, {"model": "projects.scheduletask", "pk": 101, "fields": {"schedule": 2, "task_id": "04T014", "name": "02.03.03.11", "duration_days": 6, "early_start": 78, "early_finish": 83, "late_start": 79, "late_finish": 85, "is_critical": false, "resource_names": "Универсальная бригада", "predecessors": "", "successors": "", "work_type": null, "order": 14}}, {"model": "projects.scheduletask", "pk": 102, "fields": {"schedule": 2, "task_id": "04T015", "name": "02.03.03.06", "duration_days": 6, "early_start": 84, "early_finish": 89, "late_start": 84, "late_finish": 89, "is_critical": false, "resource_names": "Универсальная бригада", "predecessors": "", "successors": "", "work_type": null, "order": 15}}, {"model": "projects.scheduletask", "pk": 103, "fields": {"schedule": 2, "task_id": "04T016", "name": "Задача Бестужевых улица д. 27А", "duration_days": 3, "early_start": 90, "early_finish": 92, "late_start": 90, "late_finish": 94, "is_critical": false, "resource_names": "Универсальная бригада", "predecessors": "", "successors": "", "work_type": null, "order": 16}}, {"model": "projects.scheduletask", "pk": 104, "fields": {"schedule": 2, "task_id": "04T017", "name": "КПГЗ", "duration_days": 8, "early_start": 93, "early_finish": 100, "late_start": 93, "late_finish": 101, "is_critical": false, "resource_names": "Универсальная бригада", "predecessors": "", "successors": "", "work_type": null, "order": 17}}, {"model": "projects.scheduletask", "pk": 105, "fields": {"schedule": 2, "task_id": "04T018", "name": "02.03.03.11", "duration_days": 8, "early_start": 101, "early_finish": 108, "late_start": 101, "late_finish": 110, "is_critical": false, "resource_names": "Универсальная бригада", "predecessors": "", "successors": "", "work_type": null, "order": 18}}, {"model": "projects.scheduletask", "pk": 106, "fields": {"schedule": 2, "task_id": "04T019", "name": "02.03.03.11", "duration_days": 3, "early_start": 109, "early_finish": 111, "late_start": 109, "late_finish": 112, "is_critical": false, "resource_names": "Универсальная бригада", "predecessors": "", "successors": "", "work_type": null, "order": 19}}, {"model": "projects.scheduletask", "pk": 107, "fields": {"schedule": 2, "task_id": "04T020", "name": "02.03.03.03", "duration_days": 5, "early_start": 112, "early_finish": 116, "late_start": 113, "late_finish": 117, "is_critical": false, "resource_names": "Универсальная бригада", "predecessors": "", "successors": "", "work_type": null, "order": 20}}, {"model": "projects.scheduletask", "pk": 108, "fields": {"schedule": 2, "task_id": "04T021", "name": "02.03.03.11", "duration_days": 5, "early_start": 117, "early_finish": 121, "late_start": 119, "late_finish": 121, "is_critical": false, "resource_names": "Универсальная бригада", "predecessors": "", "successors": "", "work_type": null, "order": 21}}, {"model": "projects.scheduletask", "pk": 109, "fields": {"schedule": 2, "task_id": "04T022", "name": "02.03.03.11", "duration_days": 8, "early_start": 122, "early_finish": 129, "late_start": 124, "late_finish": 129, "is_critical": false, "resource_names": "Универсальная бригада", "predecessors": "", "successors": "", "work_type": null, "order": 22}}, {"model": "projects.scheduletask", "pk": 110, "fields": {"schedule": 2, "task_id": "04T023", "name": "02.03.03.11", "duration_days": 7, "early_start": 130, "early_finish": 136, "late_start": 130, "late_finish": 137, "is_critical": false, "resource_names": "Универсальная бригада", "predecessors": "", "successors": "", "work_type": null, "order": 23}}, {"model": "projects.scheduletask", "pk": 111, "fields": {"schedule": 2, "task_id": "04T024", "name": "Задача Челобитьевское шоссе д.14 к3, к4, к5", "duration_days": 3, "early_start": 137, "early_finish": 139, "late_start": 138, "late_finish": 141, "is_critical": false, "resource_names": "Универсальная бригада", "predecessors": "", "successors": "", "work_type": null, "order": 24}}, {"model": "projects.scheduletask", "pk": 112, "fields": {"schedule": 2, "task_id": "04T025", "name": "КПГЗ", "duration_days": 7, "early_start": 140, "early_finish": 146, "late_start": 141, "late_finish": 147, "is_critical": false, "resource_names": "Универсальная бригада", "predecessors": "", "successors": "", "work_type": null, "order": 25}}, {"model": "projects.scheduletask", "pk": 113, "fields": {"schedule": 2, "task_id": "04T026", "name": "02.03.03.06", "duration_days": 4, "early_start": 147, "early_finish": 150, "late_start": 148, "late_finish": 150, "is_critical": false, "resource_names": "Универсальная бригада", "predecessors": "", "successors": "", "work_type": null, "order": 26}}, {"model": "projects.scheduletask", "pk": 114, "fields": {"schedule": 2, "task_id": "04T027", "name": "02.03.03.11", "duration_days": 5, "early_start": 151, "early_finish": 155, "late_start": 151, "late_finish": 156, "is_critical": false, "resource_names": "Универсальная бригада", "predecessors": "", "successors": "", "work_type": null, "order": 27}}, {"model": "projects.scheduletask", "pk": 115, "fields": {"schedule": 2, "task_id": "04T028", "name": "02.03.03.11", "duration_days": 7, "early_start": 156, "early_finish": 162, "late_start": 157, "late_finish": 162, "is_critical": false, "resource_names": "Универсальная бригада", "predecessors": "", "successors": "", "work_type": null, "order": 28}}, {"model": "projects.scheduletask", "pk": 116, "fields": {"schedule": 2, "task_id": "04T029", "name": "Задача Путевой проезд д. 38", "duration_days": 7, "early_start": 163, "early_finish": 169, "late_start": 164, "late_finish": 171, "is_critical": false, "resource_names": "Универсальная бригада", "predecessors": "", "successors": "", "work_type": null, "order": 29}}, {"model": "projects.scheduletask", "pk": 117, "fields": {"schedule": 2, "task_id": "04T030", "name": "КПГЗ", "duration_days": 5, "early_start": 170, "early_finish": 174, "late_start": 170, "late_finish": 174, "is_critical": false, "resource_names": "Универсальная бригада", "predecessors": "", "successors": "", "work_type": null, "order": 30}}, {"model": "projects.scheduletask", "pk": 118, "fields": {"schedule": 2, "task_id": "04T031", "name": "02.03.03.11", "duration_days": 7, "early_start": 175, "early_finish": 181, "late_start": 176, "late_finish": 181, "is_critical": false, "resource_names": "Универсальная бригада", "predecessors": "", "successors": "", "work_type": null, "order": 31}}, {"model": "projects.scheduletask", "pk": 119, "fields": {"schedule": 2, "task_id": "04T032", "name": "02.03.03.11", "duration_days": 6, "early_start": 182, "early_finish": 187, "late_start": 182, "late_finish": 187, "is_critical": false, "resource_names": "Универсальная бригада", "predecessors": "", "successors": "", "work_type": null, "order": 32}}, {"model": "projects.scheduletask", "pk": 120, "fields": {"schedule": 2, "task_id": "04T033", "name": "02.03.03.11", "duration_days": 5, "early_start": 188, "early_finish": 192, "late_start": 190, "late_finish": 193, "is_critical": false, "resource_names": "Универсальная бригада", "predecessors": "", "successors": "", "work_type": null, "order": 33}}, {"model": "projects.scheduletask", "pk": 121, "fields": {"schedule": 2, "task_id": "04T034", "name": "02.03.03.11", "duration_days": 7, "early_start": 193, "early_finish": 199, "late_start": 194, "late_finish": 199, "is_critical": false, "resource_names": "Универсальная бригада", "predecessors": "", "successors": "", "work_type": null, "order": 34}}, {"model": "projects.scheduletask", "pk": 122, "fields": {"schedule": 2, "task_id": "04T035", "name": "02.03.03.11", "duration_days": 6, "early_start": 200, "early_finish": 205, "late_start": 201, "late_finish": 207, "is_critical": false, "resource_names": "Универсальная бригада", "predecessors": "", "successors": "", "work_type": null, "order": 35}}, {"model": "projects.scheduletask", "pk": 123, "fields": {"schedule": 2, "task_id": "04T036", "name": "02.03.03.11", "duration_days": 7, "early_start": 206, "early_finish": 212, "late_start": 208, "late_finish": 212, "is_critical": false, "resource_names": "Универсальная бригада", "predecessors": "", "successors": "", "work_type": null, "order": 36}}, {"model": "projects.scheduletask", "pk": 124, "fields": {"schedule": 2, "task_id": "04T037", "name": "Задача Флотская улица д. 54, д. 58к1", "duration_days": 5, "early_start": 213, "early_finish": 217, "late_start": 215, "late_finish": 219, "is_critical": false, "resource_names": "Универсальная бригада", "predecessors": "", "successors": "", "work_type": null, "order": 37}}, {"model": "projects.scheduletask", "pk": 125, "fields": {"schedule": 2, "task_id": "04T038", "name": "КПГЗ", "duration_days": 6, "early_start": 218, "early_finish": 223, "late_start": 219, "late_finish": 225, "is_critical": false, "resource_names": "Универсальная бригада", "predecessors": "", "successors": "", "work_type": null, "order": 38}}, {"model": "projects.scheduletask", "pk": 126, "fields": {"schedule": 2, "task_id": "04T039", "name": "02.03.03.11", "duration_days": 6, "early_start": 224, "early_finish": 229, "late_start": 225, "late_finish": 231, "is_critical": false, "resource_names": "Универсальная бригада", "predecessors": "", "successors": "", "work_type": null, "order": 39}}, {"model": "projects.scheduletask", "pk": 127, "fields": {"schedule": 2, "task_id": "04T040", "name": "02.03.03.10", "duration_days": 8, "early_start": 230, "early_finish": 237, "late_start": 231, "late_finish": 239, "is_critical": false, "resource_names": "Универсальная бригада", "predecessors": "", "successors": "", "work_type": null, "order": 40}}, {"model": "projects.scheduletask", "pk": 128, "fields": {"schedule": 2, "task_id": "04T041", "name": "02.03.03.11", "duration_days": 8, "early_start": 238, "early_finish": 245, "late_start": 239, "late_finish": 245, "is_critical": false, "resource_names": "Универсальная бригада", "predecessors": "", "successors": "", "work_type": null, "order": 41}}, {"model": "projects.scheduletask", "pk": 129, "fields": {"schedule": 2, "task_id": "04T042", "name": "02.03.03.11", "duration_days": 6, "early_start": 246, "early_finish": 251, "late_start": 248, "late_finish": 251, "is_critical": false, "resource_names": "Универсальная бригада", "predecessors": "", "successors": "", "work_type": null, "order": 42}}, {"model": "projects.scheduletask", "pk": 130, "fields": {"schedule": 2, "task_id": "04T043", "name": "02.03.03.11", "duration_days": 3, "early_start": 252, "early_finish": 254, "late_start": 254, "late_finish": 254, "is_critical": false, "resource_names": "Универсальная бригада", "predecessors": "", "successors": "", "work_type": null, "order": 43}}, {"model": "projects.scheduletask", "pk": 131, "fields": {"schedule": 2, "task_id": "04T044", "name": "02.03.03.03", "duration_days": 8, "early_start": 255, "early_finish": 262, "late_start": 255, "late_finish": 263, "is_critical": false, "resource_names": "Универсальная бригада", "predecessors": "", "successors": "", "work_type": null, "order": 44}}, {"model": "projects.scheduletask", "pk": 132, "fields": {"schedule": 2, "task_id": "04T045", "name": "02.03.03.11", "duration_days": 4, "early_start": 263, "early_finish": 266, "late_start": 264, "late_finish": 267, "is_critical": false, "resource_names": "Универсальная бригада", "predecessors": "", "successors": "", "work_type": null, "order": 45}}, {"model": "projects.scheduletask", "pk": 133, "fields": {"schedule": 2, "task_id": "04T046", "name": "02.03.03.11", "duration_days": 3, "early_start": 267, "early_finish": 269, "late_start": 267, "late_finish": 271, "is_critical": false, "resource_names": "Универсальная бригада", "predecessors": "", "successors": "", "work_type": null, "order": 46}}, {"model": "projects.scheduletask", "pk": 134, "fields": {"schedule": 2, "task_id": "04T047", "name": "02.03.03.06", "duration_days": 4, "early_start": 270, "early_finish": 273, "late_start": 272, "late_finish": 274, "is_critical": false, "resource_names": "Универсальная бригада", "predecessors": "", "successors": "", "work_type": null, "order": 47}}, {"model": "projects.scheduletask", "pk": 135, "fields": {"schedule": 2, "task_id": "04T048", "name": "02.03.03.06", "duration_days": 7, "early_start": 274, "early_finish": 280, "late_start": 274, "late_finish": 282, "is_critical": false, "resource_names": "Универсальная бригада", "predecessors": "", "successors": "", "work_type": null, "order": 48}}, {"model": "projects.scheduletask", "pk": 136, "fields": {"schedule": 2, "task_id": "04T049", "name": "02.03.03.06", "duration_days": 5, "early_start": 281, "early_finish": 285, "late_start": 283, "late_finish": 287, "is_critical": false, "resource_names": "Универсальная бригада", "predecessors": "", "successors": "", "work_type": null, "order": 49}}, {"model": "projects.scheduletask", "pk": 137, "fields": {"schedule": 2, "task_id": "04T050", "name": "02.03.03.06", "duration_days": 6, "early_start": 286, "early_finish": 291, "late_start": 288, "late_finish": 291, "is_critical": false, "resource_names": "Универсальная бригада", "predecessors": "", "successors": "", "work_type": null, "order": 50}}, {"model": "projects.scheduletask", "pk": 138, "fields": {"schedule": 2, "task_id": "04T051", "name": "02.03.03.06", "duration_days": 4, "early_start": 292, "early_finish": 295, "late_start": 293, "late_finish": 295, "is_critical": false, "resource_names": "Универсальная бригада", "predecessors": "", "successors": "", "work_type": null, "order": 51}}, {"model": "projects.scheduletask", "pk": 139, "fields": {"schedule": 2, "task_id": "04T052", "name": "02.03.03.06", "duration_days": 5, "early_start": 296, "early_finish": 300, "late_start": 296, "late_finish": 300, "is_critical": false, "resource_names": "Универсальная бригада", "predecessors": "", "successors": "", "work_type": null, "order": 52}}, {"model": "projects.scheduletask", "pk": 140, "fields": {"schedule": 2, "task_id": "04T053", "name": "02.03.03.06", "duration_days": 3, "early_start": 301, "early_finish": 303, "late_start": 303, "late_finish": 304, "is_critical": false, "resource_names": "Универсальная бригада", "predecessors": "", "successors": "", "work_type": null, "order": 53}}, {"model": "projects.scheduletask", "pk": 141, "fields": {"schedule": 2, "task_id": "04T054", "name": "02.03.03.06", "duration_days": 8, "early_start": 304, "early_finish": 311, "late_start": 306, "late_finish": 311, "is_critical": false, "resource_names": "Универсальная бригада", "predecessors": "", "successors": "", "work_type": null, "order": 54}}, {"model": "projects.scheduletask", "pk": 142, "fields": {"schedule": 2, "task_id": "04T055", "name": "02.03.03.06", "duration_days": 4, "early_start": 312, "early_finish": 315, "late_start": 313, "late_finish": 315, "is_critical": false, "resource_names": "Универсальная бригада", "predecessors": "", "successors": "", "work_type": null, "order": 55}}, {"model": "projects.scheduletask", "pk": 143, "fields": {"schedule": 2, "task_id": "04T056", "name": "02.03.03.06", "duration_days": 6, "early_start": 316, "early_finish": 321, "late_start": 316, "late_finish": 322, "is_critical": false, "resource_names": "Универсальная бригада", "predecessors": "", "successors": "", "work_type": null, "order": 56}}, {"model": "projects.scheduletask", "pk": 144, "fields": {"schedule": 2, "task_id": "04T057", "name": "02.03.03.06", "duration_days": 8, "early_start": 322, "early_finish": 329, "late_start": 322, "late_finish": 331, "is_critical": false, "resource_names": "Универсальная бригада", "predecessors": "", "successors": "", "work_type": null, "order": 57}}, {"model": "projects.scheduletask", "pk": 145, "fields": {"schedule": 3, "task_id": "03S001", "name": "Благоустройство", "duration_days": 5, "early_start": 1, "early_finish": 5, "late_start": null, "late_finish": null, "is_critical": true, "resource_names": "Бригада Благоустройство", "predecessors": "", "successors": "", "work_type": null, "order": 1}}, {"model": "projects.scheduletask", "pk": 146, "fields": {"schedule": 3, "task_id": "03S002", "name": "Фундаментные работы", "duration_days": 6, "early_start": 6, "early_finish": 11, "late_start": null, "late_finish": null, "is_critical": true, "resource_names": "Бригада Фундаментные", "predecessors": "", "successors": "", "work_type": null, "order": 2}}, {"model": "projects.scheduletask", "pk": 147, "fields": {"schedule": 3, "task_id": "03T003", "name": "02.03.03.11", "duration_days": 5, "early_start": 12, "early_finish": 16, "late_start": 14, "late_finish": 18, "is_critical": true, "resource_names": "Универсальная бригада", "predecessors": "", "successors": "", "work_type": null, "order": 3}}, {"model": "projects.scheduletask", "pk": 148, "fields": {"schedule": 3, "task_id": "03T004", "name": "02.03.03.11", "duration_days": 3, "early_start": 17, "early_finish": 19, "late_start": 17, "late_finish": 21, "is_critical": true, "resource_names": "Универсальная бригада", "predecessors": "", "successors": "", "work_type": null, "order": 4}}, {"model": "projects.scheduletask", "pk": 149, "fields": {"schedule": 3, "task_id": "03T005", "name": "02.03.03.11", "duration_days": 4, "early_start": 20, "early_finish": 23, "late_start": 22, "late_finish": 23, "is_critical": false, "resource_names": "Универсальная бригада", "predecessors": "", "successors": "", "work_type": null, "order": 5}}, {"model": "projects.scheduletask", "pk": 150, "fields": {"schedule": 3, "task_id": "03T006", "name": "02.03.03.11", "duration_days": 4, "early_start": 24, "early_finish": 27, "late_start": 26, "late_finish": 27, "is_critical": false, "resource_names": "Универсальная бригада", "predecessors": "", "successors": "", "work_type": null, "order": 6}}, {"model": "projects.scheduletask", "pk": 151, "fields": {"schedule": 3, "task_id": "03T007", "name": "Задача Каргопольская улица д. 18", "duration_days": 8, "early_start": 28, "early_finish": 35, "late_start": 30, "late_finish": 36, "is_critical": false, "resource_names": "Универсальная бригада", "predecessors": "", "successors": "", "work_type": null, "order": 7}}, {"model": "projects.scheduletask", "pk": 152, "fields": {"schedule": 3, "task_id": "03T008", "name": "КПГЗ", "duration_days": 4, "early_start": 36, "early_finish": 39, "late_start": 38, "late_finish": 39, "is_critical": false, "resource_names": "Универсальная бригада", "predecessors": "", "successors": "", "work_type": null, "order": 8}}, {"model": "projects.scheduletask", "pk": 153, "fields": {"schedule": 3, "task_id": "03T009", "name": "02.03.03.11", "duration_days": 8, "early_start": 40, "early_finish": 47, "late_start": 41, "late_finish": 49, "is_critical": false, "resource_names": "Универсальная бригада", "predecessors": "", "successors": "", "work_type": null, "order": 9}}, {"model": "projects.scheduletask", "pk": 154, "fields": {"schedule": 3, "task_id": "03T010", "name": "02.03.03.11", "duration_days": 6, "early_start": 48, "early_finish": 53, "late_start": 48, "late_finish": 54, "is_critical": false, "resource_names": "Универсальная бригада", "predecessors": "", "successors": "", "work_type": null, "order": 10}}, {"model": "projects.scheduletask", "pk": 155, "fields": {"schedule": 3, "task_id": "03T011", "name": "02.03.03.03", "duration_days": 7, "early_start": 54, "early_finish": 60, "late_start": 55, "late_finish": 62, "is_critical": false, "resource_names": "Универсальная бригада", "predecessors": "", "successors": "", "work_type": null, "order": 11}}, {"model": "projects.scheduletask", "pk": 156, "fields": {"schedule": 3, "task_id": "03T012", "name": "02.03.03.11", "duration_days": 4, "early_start": 61, "early_finish": 64, "late_start": 62, "late_finish": 65, "is_critical": false, "resource_names": "Универсальная бригада", "predecessors": "", "successors": "", "work_type": null, "order": 12}}, {"model": "projects.scheduletask", "pk": 157, "fields": {"schedule": 3, "task_id": "03T013", "name": "02.03.03.11", "duration_days": 7, "early_start": 65, "early_finish": 71, "late_start": 67, "late_finish": 73, "is_critical": false, "resource_names": "Универсальная бригада", "predecessors": "", "successors": "", "work_type": null, "order": 13}}, {"model": "projects.scheduletask", "pk": 158, "fields": {"schedule": 3, "task_id": "03T014", "name": "02.03.03.11", "duration_days": 6, "early_start": 72, "early_finish": 77, "late_start": 72, "late_finish": 77, "is_critical": false, "resource_names": "Универсальная бригада", "predecessors": "", "successors": "", "work_type": null, "order": 14}}, {"model": "projects.scheduletask", "pk": 159, "fields": {"schedule": 3, "task_id": "03T015", "name": "02.03.03.06", "duration_days": 4, "early_start": 78, "early_finish": 81, "late_start": 80, "late_finish": 81, "is_critical": false, "resource_names": "Универсальная бригада", "predecessors": "", "successors": "", "work_type": null, "order": 15}}, {"model": "projects.scheduletask", "pk": 160, "fields": {"schedule": 3, "task_id": "03T016", "name": "Задача Бестужевых улица д. 27А", "duration_days": 8, "early_start": 82, "early_finish": 89, "late_start": 83, "late_finish": 91, "is_critical": false, "resource_names": "Универсальная бригада", "predecessors": "", "successors": "", "work_type": null, "order": 16}}, {"model": "projects.scheduletask", "pk": 161, "fields": {"schedule": 3, "task_id": "03T017", "name": "КПГЗ", "duration_days": 5, "early_start": 90, "early_finish": 94, "late_start": 91, "late_finish": 95, "is_critical": false, "resource_names": "Универсальная бригада", "predecessors": "", "successors": "", "work_type": null, "order": 17}}, {"model": "projects.scheduletask", "pk": 162, "fields": {"schedule": 3, "task_id": "03T018", "name": "02.03.03.11", "duration_days": 3, "early_start": 95, "early_finish": 97, "late_start": 95, "late_finish": 98, "is_critical": false, "resource_names": "Универсальная бригада", "predecessors": "", "successors": "", "work_type": null, "order": 18}}, {"model": "projects.scheduletask", "pk": 163, "fields": {"schedule": 3, "task_id": "03T019", "name": "02.03.03.11", "duration_days": 3, "early_start": 98, "early_finish": 100, "late_start": 98, "late_finish": 101, "is_critical": false, "resource_names": "Универсальная бригада", "predecessors": "", "successors": "", "work_type": null, "order": 19}}, {"model": "projects.scheduletask", "pk": 164, "fields": {"schedule": 3, "task_id": "03T020", "name": "02.03.03.03", "duration_days": 8, "early_start": 101, "early_finish": 108, "late_start": 102, "late_finish": 109, "is_critical": false, "resource_names": "Универсальная бригада", "predecessors": "", "successors": "", "work_type": null, "order": 20}}, {"model": "projects.scheduletask", "pk": 165, "fields": {"schedule": 3, "task_id": "03T021", "name": "02.03.03.11", "duration_days": 5, "early_start": 109, "early_finish": 113, "late_start": 110, "late_finish": 114, "is_critical": false, "resource_names": "Универсальная бригада", "predecessors": "", "successors": "", "work_type": null, "order": 21}}, {"model": "projects.scheduletask", "pk": 166, "fields": {"schedule": 3, "task_id": "03T022", "name": "02.03.03.11", "duration_days": 8, "early_start": 114, "early_finish": 121, "late_start": 116, "late_finish": 123, "is_critical": false, "resource_names": "Универсальная бригада", "predecessors": "", "successors": "", "work_type": null, "order": 22}}, {"model": "projects.scheduletask", "pk": 167, "fields": {"schedule": 3, "task_id": "03T023", "name": "02.03.03.11", "duration_days": 8, "early_start": 122, "early_finish": 129, "late_start": 122, "late_finish": 129, "is_critical": false, "resource_names": "Универсальная бригада", "predecessors": "", "successors": "", "work_type": null, "order": 23}}, {"model": "projects.scheduletask", "pk": 168, "fields": {"schedule": 3, "task_id": "03T024", "name": "Задача Челобитьевское шоссе д.14 к3, к4, к5", "duration_days": 7, "early_start": 130, "early_finish": 136, "late_start": 130, "late_finish": 137, "is_critical": false, "resource_names": "Универсальная бригада", "predecessors": "", "successors": "", "work_type": null, "order": 24}}, {"model": "projects.scheduletask", "pk": 169, "fields": {"schedule": 3, "task_id": "03T025", "name": "КПГЗ", "duration_days": 4, "early_start": 137, "early_finish": 140, "late_start": 138, "late_finish": 140, "is_critical": false, "resource_names": "Универсальная бригада", "predecessors": "", "successors": "", "work_type": null, "order": 25}}, {"model": "projects.scheduletask", "pk": 170, "fields": {"schedule": 3, "task_id": "03T026", "name": "02.03.03.06", "duration_days": 3, "early_start": 141, "early_finish": 143, "late_start": 141, "late_finish": 144, "is_critical": false, "resource_names": "Универсальная бригада", "predecessors": "", "successors": "", "work_type": null, "order": 26}}, {"model": "projects.scheduletask", "pk": 171, "fields": {"schedule": 3, "task_id": "03T027", "name": "02.03.03.11", "duration_days": 3, "early_start": 144, "early_finish": 146, "late_start": 145, "late_finish": 148, "is_critical": false, "resource_names": "Универсальная бригада", "predecessors": "", "successors": "", "work_type": null, "order": 27}}, {"model": "projects.scheduletask", "pk": 172, "fields": {"schedule": 3, "task_id": "03T028", "name": "02.03.03.11", "duration_days": 6, "early_start": 147, "early_finish": 152, "late_start": 149, "late_finish": 152, "is_critical": false, "resource_names": "Универсальная бригада", "predecessors": "", "successors": "", "work_type": null, "order": 28}}, {"model": "projects.scheduletask", "pk": 173, "fields": {"schedule": 3, "task_id": "03T029", "name": "Задача Путевой проезд д. 38", "duration_days": 7, "early_start": 153, "early_finish": 159, "late_start": 154, "late_finish": 161, "is_critical": false, "resource_names": "Универсальная бригада", "predecessors": "", "successors": "", "work_type": null, "order": 29}}, {"model": "projects.scheduletask", "pk": 174, "fields": {"schedule": 3, "task_id": "03T030", "name": "КПГЗ", "duration_days": 6, "early_start": 160, "early_finish": 165, "late_start": 160, "late_finish": 166, "is_critical": false, "resource_names": "Универсальная бригада", "predecessors": "", "successors": "", "work_type": null, "order": 30}}, {"model": "projects.scheduletask", "pk": 175, "fields": {"schedule": 3, "task_id": "03T031", "name": "02.03.03.11", "duration_days": 5, "early_start": 166, "early_finish": 170, "late_start": 166, "late_finish": 170, "is_critical": false, "resource_names": "Универсальная бригада", "predecessors": "", "successors": "", "work_type": null, "order": 31}}, {"model": "projects.scheduletask", "pk": 176, "fields": {"schedule": 3, "task_id": "03T032", "name": "02.03.03.11", "duration_days": 5, "early_start": 171, "early_finish": 175, "late_start": 172, "late_finish": 177, "is_critical": false, "resource_names": "Универсальная бригада", "predecessors": "", "successors": "", "work_type": null, "order": 32}}, {"model": "projects.scheduletask", "pk": 177, "fields": {"schedule": 3, "task_id": "03T033", "name": "02.03.03.11", "duration_days": 6, "early_start": 176, "early_finish": 181, "late_start": 178, "late_finish": 183, "is_critical": false, "resource_names": "Универсальная бригада", "predecessors": "", "successors": "", "work_type": null, "order": 33}}, {"model": "projects.scheduletask", "pk": 178, "fields": {"schedule": 3, "task_id": "03T034", "name": "02.03.03.11", "duration_days": 6, "early_start": 182, "early_finish": 187, "late_start": 183, "late_finish": 188, "is_critical": false, "resource_names": "Универсальная бригада", "predecessors": "", "successors": "", "work_type": null, "order": 34}}, {"model": "projects.scheduletask", "pk": 179, "fields": {"schedule": 3, "task_id": "03T035", "name": "02.03.03.11", "duration_days": 5, "early_start": 188, "early_finish": 192, "late_start": 190, "late_finish": 192, "is_critical": false, "resource_names": "Универсальная бригада", "predecessors": "", "successors": "", "work_type": null, "order": 35}}, {"model": "projects.scheduletask", "pk": 180, "fields": {"schedule": 3, "task_id": "03T036", "name": "02.03.03.11", "duration_days": 3, "early_start": 193, "early_finish": 195, "late_start": 195, "late_finish": 197, "is_critical": false, "resource_names": "Универсальная бригада", "predecessors": "", "successors": "", "work_type": null, "order": 36}}, {"model": "projects.scheduletask", "pk": 181, "fields": {"schedule": 3, "task_id": "03T037", "name": "Задача Флотская улица д. 54, д. 58к1", "duration_days": 4, "early_start": 196, "early_finish": 199, "late_start": 197, "late_finish": 201, "is_critical": false, "resource_names": "Универсальная бригада", "predecessors": "", "successors": "", "work_type": null, "order": 37}}, {"model": "projects.scheduletask", "pk": 182, "fields": {"schedule": 3, "task_id": "03T038", "name": "КПГЗ", "duration_days": 4, "early_start": 200, "early_finish": 203, "late_start": 201, "late_finish": 203, "is_critical": false, "resource_names": "Универсальная бригада", "predecessors": "", "successors": "", "work_type": null, "order": 38}}, {"model": "projects.scheduletask", "pk": 183, "fields": {"schedule": 3, "task_id": "03T039", "name": "02.03.03.11", "duration_days": 4, "early_start": 204, "early_finish": 207, "late_start": 206, "late_finish": 207, "is_critical": false, "resource_names": "Универсальная бригада", "predecessors": "", "successors": "", "work_type": null, "order": 39}}, {"model": "projects.scheduletask", "pk": 184, "fields": {"schedule": 3, "task_id": "03T040", "name": "02.03.03.10", "duration_days": 3, "early_start": 208, "early_finish": 210, "late_start": 209, "late_finish": 212, "is_critical": false, "resource_names": "Универсальная бригада", "predecessors": "", "successors": "", "work_type": null, "order": 40}}, {"model": "projects.scheduletask", "pk": 185, "fields": {"schedule": 3, "task_id": "03T041", "name": "02.03.03.11", "duration_days": 7, "early_start": 211, "early_finish": 217, "late_start": 213, "late_finish": 217, "is_critical": false, "resource_names": "Универсальная бригада", "predecessors": "", "successors": "", "work_type": null, "order": 41}}, {"model": "projects.scheduletask", "pk": 186, "fields": {"schedule": 3, "task_id": "03T042", "name": "02.03.03.11", "duration_days": 8, "early_start": 218, "early_finish": 225, "late_start": 220, "late_finish": 227, "is_critical": false, "resource_names": "Универсальная бригада", "predecessors": "", "successors": "", "work_type": null, "order": 42}}, {"model": "projects.scheduletask", "pk": 187, "fields": {"schedule": 3, "task_id": "03T043", "name": "02.03.03.11", "duration_days": 5, "early_start": 226, "early_finish": 230, "late_start": 226, "late_finish": 231, "is_critical": false, "resource_names": "Универсальная бригада", "predecessors": "", "successors": "", "work_type": null, "order": 43}}, {"model": "projects.scheduletask", "pk": 188, "fields": {"schedule": 3, "task_id": "03T044", "name": "02.03.03.03", "duration_days": 4, "early_start": 231, "early_finish": 234, "late_start": 232, "late_finish": 235, "is_critical": false, "resource_names": "Универсальная бригада", "predecessors": "", "successors": "", "work_type": null, "order": 44}}, {"model": "projects.scheduletask", "pk": 189, "fields": {"schedule": 3, "task_id": "03T045", "name": "02.03.03.11", "duration_days": 6, "early_start": 235, "early_finish": 240, "late_start": 235, "late_finish": 242, "is_critical": false, "resource_names": "Универсальная бригада", "predecessors": "", "successors": "", "work_type": null, "order": 45}}, {"model": "projects.scheduletask", "pk": 190, "fields": {"schedule": 3, "task_id": "03T046", "name": "02.03.03.11", "duration_days": 4, "early_start": 241, "early_finish": 244, "late_start": 241, "late_finish": 244, "is_critical": false, "resource_names": "Универсальная бригада", "predecessors": "", "successors": "", "work_type": null, "order": 46}}, {"model": "projects.scheduletask", "pk": 191, "fields": {"schedule": 3, "task_id": "03T047", "name": "02.03.03.06", "duration_days": 5, "early_start": 245, "early_finish": 249, "late_start": 246, "late_finish": 250, "is_critical": false, "resource_names": "Универсальная бригада", "predecessors": "", "successors": "", "work_type": null, "order": 47}}, {"model": "projects.scheduletask", "pk": 192, "fields": {"schedule": 3, "task_id": "03T048", "name": "02.03.03.06", "duration_days": 8, "early_start": 250, "early_finish": 257, "late_start": 252, "late_finish": 257, "is_critical": false, "resource_names": "Универсальная бригада", "predecessors": "", "successors": "", "work_type": null, "order": 48}}, {"model": "projects.scheduletask", "pk": 193, "fields": {"schedule": 3, "task_id": "03T049", "name": "02.03.03.06", "duration_days": 7, "early_start": 258, "early_finish": 264, "late_start": 260, "late_finish": 265, "is_critical": false, "resource_names": "Универсальная бригада", "predecessors": "", "successors": "", "work_type": null, "order": 49}}, {"model": "projects.scheduletask", "pk": 194, "fields": {"schedule": 3, "task_id": "03T050", "name": "02.03.03.06", "duration_days": 5, "early_start": 265, "early_finish": 269, "late_start": 265, "late_finish": 269, "is_critical": false, "resource_names": "Универсальная бригада", "predecessors": "", "successors": "", "work_type": null, "order": 50}}, {"model": "projects.scheduletask", "pk": 195, "fields": {"schedule": 3, "task_id": "03T051", "name": "02.03.03.06", "duration_days": 8, "early_start": 270, "early_finish": 277, "late_start": 270, "late_finish": 277, "is_critical": false, "resource_names": "Универсальная бригада", "predecessors": "", "successors": "", "work_type": null, "order": 51}}, {"model": "projects.scheduletask", "pk": 196, "fields": {"schedule": 3, "task_id": "03T052", "name": "02.03.03.06", "duration_days": 3, "early_start": 278, "early_finish": 280, "late_start": 278, "late_finish": 281, "is_critical": false, "resource_names": "Универсальная бригада", "predecessors": "", "successors": "", "work_type": null, "order": 52}}, {"model": "projects.scheduletask", "pk": 197, "fields": {"schedule": 3, "task_id": "03T053", "name": "02.03.03.06", "duration_days": 4, "early_start": 281, "early_finish": 284, "late_start": 283, "late_finish": 286, "is_critical": false, "resource_names": "Универсальная бригада", "predecessors": "", "successors": "", "work_type": null, "order": 53}}, {"model": "projects.scheduletask", "pk": 198, "fields": {"schedule": 3, "task_id": "03T054", "name": "02.03.03.06", "duration_days": 5, "early_start": 285, "early_finish": 289, "late_start": 285, "late_finish": 290, "is_critical": false, "resource_names": "Универсальная бригада", "predecessors": "", "successors": "", "work_type": null, "order": 54}}, {"model": "projects.scheduletask", "pk": 199, "fields": {"schedule": 3, "task_id": "03T055", "name": "02.03.03.06", "duration_days": 6, "early_start": 290, "early_finish": 295, "late_start": 292, "late_finish": 295, "is_critical": false, "resource_names": "Универсальная бригада", "predecessors": "", "successors": "", "work_type": null, "order": 55}}, {"model": "projects.scheduletask", "pk": 200, "fields": {"schedule": 3, "task_id": "03T056", "name": "02.03.03.06", "duration_days": 8, "early_start": 296, "early_finish": 303, "late_start": 297, "late_finish": 303, "is_critical": false, "resource_names": "Универсальная бригада", "predecessors": "", "successors": "", "work_type": null, "order": 56}}, {"model": "projects.scheduletask", "pk": 201, "fields": {"schedule": 3, "task_id": "03T057", "name": "02.03.03.06", "duration_days": 8, "early_start": 304, "early_finish": 311, "late_start": 305, "late_finish": 312, "is_critical": false, "resource_names": "Универсальная бригада", "predecessors": "", "successors": "", "work_type": null, "order": 57}}, {"model": "projects.scheduletask", "pk": 202, "fields": {"schedule": 4, "task_id": "02S001", "name": "Благоустройство", "duration_days": 12, "early_start": 1, "early_finish": 12, "late_start": null, "late_finish": null, "is_critical": true, "resource_names": "Бригада Благоустройство", "predecessors": "", "successors": "", "work_type": null, "order": 1}}, {"model": "projects.scheduletask", "pk": 203, "fields": {"schedule": 4, "task_id": "02S002", "name": "Фундаментные работы", "duration_days": 5, "early_start": 13, "early_finish": 17, "late_start": null, "late_finish": null, "is_critical": true, "resource_names": "Бригада Фундаментные", "predecessors": "", "successors": "", "work_type": null, "order": 2}}, {"model": "projects.scheduletask", "pk": 204, "fields": {"schedule": 4, "task_id": "02S003", "name": "Общестроительные работы", "duration_days": 5, "early_start": 18, "early_finish": 22, "late_start": null, "late_finish": null, "is_critical": true, "resource_names": "Бригада Общестроительные", "predecessors": "", "successors": "", "work_type": null, "order": 3}}, {"model": "projects.scheduletask", "pk": 205, "fields": {"schedule": 5, "task_id": "01S001", "name": "Фундаментные работы", "duration_days": 5, "early_start": 1, "early_finish": 5, "late_start": null, "late_finish": null, "is_critical": true, "resource_names": "Бригада Фундаментные", "predecessors": "", "successors": "", "work_type": null, "order": 1}}, {"model": "projects.scheduletask", "pk": 206, "fields": {"schedule": 5, "task_id": "01S002", "name": "Благоустройство", "duration_days": 10, "early_start": 6, "early_finish": 15, "late_start": null, "late_finish": null, "is_critical": true, "resource_names": "Бригада Благоустройство", "predecessors": "", "successors": "", "work_type": null, "order": 2}}, {"model": "projects.scheduletask", "pk": 207, "fields": {"schedule": 5, "task_id": "01S003", "name": "Общестроительные работы", "duration_days": 5, "early_start": 16, "early_finish": 20, "late_start": null, "late_finish": null, "is_critical": true, "resource_names": "Бригада Общестроительные", "predecessors": "", "successors": "", "work_type": null, "order": 3}}, {"model": "projects.weatherworkrecommendation", "pk": 1, "fields": {"work_type": 7, "weather_condition": "clear", "min_temperature": null, "max_temperature": null, "max_wind_speed": null, "risk_level": "low", "recommendation": "Идеальные условия для земляных работ", "is_work_allowed": true, "delay_hours": 0, "created_at": "2025-09-30T19:52:31.837Z", "updated_at": "2025-09-30T19:52:31.837Z"}}, {"model": "projects.weatherworkrecommendation", "pk": 2, "fields": {"work_type": 7, "weather_condition": "clouds", "min_temperature": null, "max_temperature": null, "max_wind_speed": null, "risk_level": "low", "recommendation": "Хорошие условия для работы", "is_work_allowed": true, "delay_hours": 0, "created_at": "2025-09-30T19:52:31.839Z", "updated_at": "2025-09-30T19:52:31.839Z"}}, {"model": "projects.weatherworkrecommendation", "pk": 3, "fields": {"work_type": 7, "weather_condition": "rain", "min_temperature": null, "max_temperature": null, "max_wind_speed": null, "risk_level": "high", "recommendation": "Земляные работы невозможны при дожде - размыв грунта", "is_work_allowed": false, "delay_hours": 24, "created_at": "2025-09-30T19:52:31.841Z", "updated_at": "2025-09-30T19:52:31.841Z"}}, {"model": "projects.weatherworkrecommendation", "pk": 4, "fields": {"work_type": 7, "weather_condition": "snow", "min_temperature": null, "max_temperature": null, "max_wind_speed": null, "risk_level": "high", "recommendation": "Земляные работы затруднены при снеге", "is_work_allowed": false, "delay_hours": 48, "created_at": "2025-09-30T19:52:31.843Z", "updated_at": "2025-09-30T19:52:31.843Z"}}, {"model": "projects.weatherworkrecommendation", "pk": 5, "fields": {"work_type": 7, "weather_condition": "thunderstorm", "min_temperature": null, "max_temperature": null, "max_wind_speed": null, "risk_level": "critical", "recommendation": "Работы запрещены из-за грозы - опасность для жизни", "is_work_allowed": false, "delay_hours": 48, "created_at": "2025-09-30T19:52:31.845Z", "updated_at": "2025-09-30T19:52:31.845Z"}}, {"model": "projects.weatherworkrecommendation", "pk": 6, "fields": {"work_type": 7, "weather_condition": "mist", "min_temperature": null, "max_temperature": null, "max_wind_speed": null, "risk_level": "medium", "recommendation": "Ограниченная видимость - соблюдать осторожность", "is_work_allowed": true, "delay_hours": 0, "created_at": "2025-09-30T19:52:31.847Z", "updated_at": "2025-09-30T19:52:31.847Z"}}, {"model": "projects.weatherworkrecommendation", "pk": 7, "fields": {"work_type": 7, "weather_condition": "extreme_cold", "min_temperature": -15, "max_temperature": null, "max_wind_speed": null, "risk_level": "critical", "recommendation": "Промерзание грунта делает работы невозможными", "is_work_allowed": false, "delay_hours": 72, "created_at": "2025-09-30T19:52:31.848Z", "updated_at": "2025-09-30T19:52:31.848Z"}}, {"model": "projects.weatherworkrecommendation", "pk": 8, "fields": {"work_type": 7, "weather_condition": "extreme_heat", "min_temperature": null, "max_temperature": 35, "max_wind_speed": null, "risk_level": "medium", "recommendation": "Соблюдать режим работы - частые перерывы", "is_work_allowed": true, "delay_hours": 0, "created_at": "2025-09-30T19:52:31.849Z", "updated_at": "2025-09-30T19:52:31.849Z"}}, {"model": "projects.weatherworkrecommendation", "pk": 9, "fields": {"work_type": 7, "weather_condition": "high_wind", "min_temperature": null, "max_temperature": null, "max_wind_speed": 10, "risk_level": "medium", "recommendation": "Осторожность при работе с сыпучими материалами", "is_work_allowed": true, "delay_hours": 0, "created_at": "2025-09-30T19:52:31.851Z", "updated_at": "2025-09-30T19:52:31.851Z"}}, {"model": "projects.weatherworkrecommendation", "pk": 10, "fields": {"work_type": 8, "weather_condition": "clear", "min_temperature": null, "max_temperature": null, "max_wind_speed": null, "risk_level": "low", "recommendation": "Отличные условия для бетонирования", "is_work_allowed": true, "delay_hours": 0, "created_at": "2025-09-30T19:52:31.853Z", "updated_at": "2025-09-30T19:52:31.853Z"}}, {"model": "projects.weatherworkrecommendation", "pk": 11, "fields": {"work_type": 8, "weather_condition": "clouds", "min_temperature": null, "max_temperature": null, "max_wind_speed": null, "risk_level": "low", "recommendation": "Хорошие условия - медленное высыхание", "is_work_allowed": true, "delay_hours": 0, "created_at": "2025-09-30T19:52:31.855Z", "updated_at": "2025-09-30T19:52:31.855Z"}}, {"model": "projects.weatherworkrecommendation", "pk": 12, "fields": {"work_type": 8, "weather_condition": "rain", "min_temperature": null, "max_temperature": null, "max_wind_speed": null, "risk_level": "critical", "recommendation": "Дождь разрушает свежий бетон - работы запрещены", "is_work_allowed": false, "delay_hours": 48, "created_at": "2025-09-30T19:52:31.856Z", "updated_at": "2025-09-30T19:52:31.856Z"}}, {"model": "projects.weatherworkrecommendation", "pk": 13, "fields": {"work_type": 8, "weather_condition": "snow", "min_temperature": null, "max_temperature": null, "max_wind_speed": null, "risk_level": "critical", "recommendation": "Снег и мороз нарушают схватывание бетона", "is_work_allowed": false, "delay_hours": 72, "created_at": "2025-09-30T19:52:31.858Z", "updated_at": "2025-09-30T19:52:31.858Z"}}, {"model": "projects.weatherworkrecommendation", "pk": 14, "fields": {"work_type": 8, "weather_condition": "thunderstorm", "min_temperature": null, "max_temperature": null, "max_wind_speed": null, "risk_level": "critical", "recommendation": "Гроза + вода = полный запрет бетонирования", "is_work_allowed": false, "delay_hours": 72, "created_at": "2025-09-30T19:52:31.860Z", "updated_at": "2025-09-30T19:52:31.860Z"}}, {"model": "projects.weatherworkrecommendation", "pk": 15, "fields": {"work_type": 8, "weather_condition": "mist", "min_temperature": null, "max_temperature": null, "max_wind_speed": null, "risk_level": "medium", "recommendation": "Высокая влажность замедляет схватывание", "is_work_allowed": true, "delay_hours": 0, "created_at": "2025-09-30T19:52:31.862Z", "updated_at": "2025-09-30T19:52:31.862Z"}}, {"model": "projects.weatherworkrecommendation", "pk": 16, "fields": {"work_type": 8, "weather_condition": "extreme_cold", "min_temperature": -15, "max_temperature": null, "max_wind_speed": null, "risk_level": "critical", "recommendation": "При -5°C и ниже бетон не схватывается", "is_work_allowed": false, "delay_hours": 72, "created_at": "2025-09-30T19:52:31.863Z", "updated_at": "2025-09-30T19:52:31.863Z"}}, {"model": "projects.weatherworkrecommendation", "pk": 17, "fields": {"work_type": 8, "weather_condition": "extreme_heat", "min_temperature": null, "max_temperature": 35, "max_wind_speed": null, "risk_level": "high", "recommendation": "Требуется частое увлажнение и укрытие бетона", "is_work_allowed": true, "delay_hours": 0, "created_at": "2025-09-30T19:52:31.865Z", "updated_at": "2025-09-30T19:52:31.865Z"}}, {"model": "projects.weatherworkrecommendation", "pk": 18, "fields": {"work_type": 8, "weather_condition": "high_wind", "min_temperature": null, "max_temperature": null, "max_wind_speed": 10, "risk_level": "medium", "recommendation": "Ветер ускоряет высыхание - увлажнять поверхность", "is_work_allowed": true, "delay_hours": 0, "created_at": "2025-09-30T19:52:31.866Z", "updated_at": "2025-09-30T19:52:31.866Z"}}, {"model": "projects.weatherworkrecommendation", "pk": 19, "fields": {"work_type": 9, "weather_condition": "clear", "min_temperature": null, "max_temperature": null, "max_wind_speed": null, "risk_level": "low", "recommendation": "Идеальная погода для асфальтирования", "is_work_allowed": true, "delay_hours": 0, "created_at": "2025-09-30T19:52:31.868Z", "updated_at": "2025-09-30T19:52:31.868Z"}}, {"model": "projects.weatherworkrecommendation", "pk": 20, "fields": {"work_type": 9, "weather_condition": "clouds", "min_temperature": null, "max_temperature": null, "max_wind_speed": null, "risk_level": "low", "recommendation": "Хорошие условия для укладки асфальта", "is_work_allowed": true, "delay_hours": 0, "created_at": "2025-09-30T19:52:31.870Z", "updated_at": "2025-09-30T19:52:31.870Z"}}, {"model": "projects.weatherworkrecommendation", "pk": 21, "fields": {"work_type": 9, "weather_condition": "rain", "min_temperature": null, "max_temperature": null, "max_wind_speed": null, "risk_level": "critical", "recommendation": "Вода делает асфальтирование невозможным", "is_work_allowed": false, "delay_hours": 24, "created_at": "2025-09-30T19:52:31.871Z", "updated_at": "2025-09-30T19:52:31.871Z"}}, {"model": "projects.weatherworkrecommendation", "pk": 22, "fields": {"work_type": 9, "weather_condition": "snow", "min_temperature": null, "max_temperature": null, "max_wind_speed": null, "risk_level": "critical", "recommendation": "Холод препятствует адгезии асфальта", "is_work_allowed": false, "delay_hours": 48, "created_at": "2025-09-30T19:52:31.873Z", "updated_at": "2025-09-30T19:52:31.873Z"}}, {"model": "projects.weatherworkrecommendation", "pk": 23, "fields": {"work_type": 9, "weather_condition": "thunderstorm", "min_temperature": null, "max_temperature": null, "max_wind_speed": null, "risk_level": "critical", "recommendation": "Гроза - полный запрет работ", "is_work_allowed": false, "delay_hours": 48, "created_at": "2025-09-30T19:52:31.874Z", "updated_at": "2025-09-30T19:52:31.875Z"}}, {"model": "projects.weatherworkrecommendation", "pk": 24, "fields": {"work_type": 9, "weather_condition": "mist", "min_temperature": null, "max_temperature": null, "max_wind_speed": null, "risk_level": "high", "recommendation": "Влага мешает сцеплению слоев", "is_work_allowed": false, "delay_hours": 12, "created_at": "2025-09-30T19:52:31.876Z", "updated_at": "2025-09-30T19:52:31.876Z"}}, {"model": "projects.weatherworkrecommendation", "pk": 25, "fields": {"work_type": 9, "weather_condition": "extreme_cold", "min_temperature": -15, "max_temperature": null, "max_wind_speed": null, "risk_level": "critical", "recommendation": "Ниже +5°C асфальт не укладывается", "is_work_allowed": false, "delay_hours": 72, "created_at": "2025-09-30T19:52:31.878Z", "updated_at": "2025-09-30T19:52:31.878Z"}}, {"model": "projects.weatherworkrecommendation", "pk": 26, "fields": {"work_type": 9, "weather_condition": "extreme_heat", "min_temperature": null, "max_temperature": 35, "max_wind_speed": null, "risk_level": "medium", "recommendation": "Асфальт размягчается - работать рано утром", "is_work_allowed": true, "delay_hours": 0, "created_at": "2025-09-30T19:52:31.880Z", "updated_at": "2025-09-30T19:52:31.880Z"}}, {"model": "projects.weatherworkrecommendation", "pk": 27, "fields": {"work_type": 9, "weather_condition": "high_wind", "min_temperature": null, "max_temperature": null, "max_wind_speed": 10, "risk_level": "medium", "recommendation": "Ветер остужает асфальт - работать быстрее", "is_work_allowed": true, "delay_hours": 0, "created_at": "2025-09-30T19:52:31.881Z", "updated_at": "2025-09-30T19:52:31.881Z"}}, {"model": "projects.weatherworkrecommendation", "pk": 28, "fields": {"work_type": 10, "weather_condition": "clear", "min_temperature": null, "max_temperature": null, "max_wind_speed": null, "risk_level": "low", "recommendation": "Отличные условия для покрасочных работ", "is_work_allowed": true, "delay_hours": 0, "created_at": "2025-09-30T19:52:31.882Z", "updated_at": "2025-09-30T19:52:31.883Z"}}, {"model": "projects.weatherworkrecommendation", "pk": 29, "fields": {"work_type": 10, "weather_condition": "clouds", "min_temperature": null, "max_temperature": null, "max_wind_speed": null, "risk_level": "low", "recommendation": "Равномерная сушка краски", "is_work_allowed": true, "delay_hours": 0, "created_at": "2025-09-30T19:52:31.884Z", "updated_at": "2025-09-30T19:52:31.884Z"}}, {"model": "projects.weatherworkrecommendation", "pk": 30, "fields": {"work_type": 10, "weather_condition": "rain", "min_temperature": null, "max_temperature": null, "max_wind_speed": null, "risk_level": "critical", "recommendation": "Дождь смывает свежую краску", "is_work_allowed": false, "delay_hours": 24, "created_at": "2025-09-30T19:52:31.886Z", "updated_at": "2025-09-30T19:52:31.886Z"}}, {"model": "projects.weatherworkrecommendation", "pk": 31, "fields": {"work_type": 10, "weather_condition": "snow", "min_temperature": null, "max_temperature": null, "max_wind_speed": null, "risk_level": "high", "recommendation": "Снег мешает адгезии краски", "is_work_allowed": false, "delay_hours": 24, "created_at": "2025-09-30T19:52:31.887Z", "updated_at": "2025-09-30T19:52:31.887Z"}}, {"model": "projects.weatherworkrecommendation", "pk": 32, "fields": {"work_type": 10, "weather_condition": "thunderstorm", "min_temperature": null, "max_temperature": null, "max_wind_speed": null, "risk_level": "critical", "recommendation": "Гроза + влага = порча покрытия", "is_work_allowed": false, "delay_hours": 24, "created_at": "2025-09-30T19:52:31.888Z", "updated_at": "2025-09-30T19:52:31.888Z"}}, {"model": "projects.weatherworkrecommendation", "pk": 33, "fields": {"work_type": 10, "weather_condition": "mist", "min_temperature": null, "max_temperature": null, "max_wind_speed": null, "risk_level": "high", "recommendation": "Высокая влажность замедляет высыхание", "is_work_allowed": false, "delay_hours": 12, "created_at": "2025-09-30T19:52:31.890Z", "updated_at": "2025-09-30T19:52:31.890Z"}}, {"model": "projects.weatherworkrecommendation", "pk": 34, "fields": {"work_type": 10, "weather_condition": "extreme_cold", "min_temperature": -15, "max_temperature": null, "max_wind_speed": null, "risk_level": "high", "recommendation": "Краска густеет и плохо ложится", "is_work_allowed": false, "delay_hours": 24, "created_at": "2025-09-30T19:52:31.892Z", "updated_at": "2025-09-30T19:52:31.892Z"}}, {"model": "projects.weatherworkrecommendation", "pk": 35, "fields": {"work_type": 10, "weather_condition": "extreme_heat", "min_temperature": null, "max_temperature": 35, "max_wind_speed": null, "risk_level": "high", "recommendation": "Краска сохнет слишком быстро - дефекты", "is_work_allowed": true, "delay_hours": 0, "created_at": "2025-09-30T19:52:31.894Z", "updated_at": "2025-09-30T19:52:31.894Z"}}, {"model": "projects.weatherworkrecommendation", "pk": 36, "fields": {"work_type": 10, "weather_condition": "high_wind", "min_temperature": null, "max_temperature": null, "max_wind_speed": 10, "risk_level": "high", "recommendation": "Ветер сносит краску и поднимает пыль", "is_work_allowed": false, "delay_hours": 12, "created_at": "2025-09-30T19:52:31.895Z", "updated_at": "2025-09-30T19:52:31.895Z"}}, {"model": "projects.weatherworkrecommendation", "pk": 37, "fields": {"work_type": 11, "weather_condition": "clear", "min_temperature": null, "max_temperature": null, "max_wind_speed": null, "risk_level": "low", "recommendation": "Идеальные условия для плиточных работ", "is_work_allowed": true, "delay_hours": 0, "created_at": "2025-09-30T19:52:31.897Z", "updated_at": "2025-09-30T19:52:31.897Z"}}, {"model": "projects.weatherworkrecommendation", "pk": 38, "fields": {"work_type": 11, "weather_condition": "clouds", "min_temperature": null, "max_temperature": null, "max_wind_speed": null, "risk_level": "low", "recommendation": "Хорошие условия для укладки плитки", "is_work_allowed": true, "delay_hours": 0, "created_at": "2025-09-30T19:52:31.899Z", "updated_at": "2025-09-30T19:52:31.899Z"}}, {"model": "projects.weatherworkrecommendation", "pk": 39, "fields": {"work_type": 11, "weather_condition": "rain", "min_temperature": null, "max_temperature": null, "max_wind_speed": null, "risk_level": "high", "recommendation": "Дождь размывает клеевой раствор", "is_work_allowed": false, "delay_hours": 24, "created_at": "2025-09-30T19:52:31.900Z", "updated_at": "2025-09-30T19:52:31.900Z"}}, {"model": "projects.weatherworkrecommendation", "pk": 40, "fields": {"work_type": 11, "weather_condition": "snow", "min_temperature": null, "max_temperature": null, "max_wind_speed": null, "risk_level": "high", "recommendation": "Холод замедляет схватывание клея", "is_work_allowed": false, "delay_hours": 24, "created_at": "2025-09-30T19:52:31.902Z", "updated_at": "2025-09-30T19:52:31.902Z"}}, {"model": "projects.weatherworkrecommendation", "pk": 41, "fields": {"work_type": 11, "weather_condition": "thunderstorm", "min_temperature": null, "max_temperature": null, "max_wind_speed": null, "risk_level": "critical", "recommendation": "Гроза опасна для работников", "is_work_allowed": false, "delay_hours": 48, "created_at": "2025-09-30T19:52:31.903Z", "updated_at": "2025-09-30T19:52:31.903Z"}}, {"model": "projects.weatherworkrecommendation", "pk": 42, "fields": {"work_type": 11, "weather_condition": "mist", "min_temperature": null, "max_temperature": null, "max_wind_speed": null, "risk_level": "medium", "recommendation": "Влажность замедляет высыхание раствора", "is_work_allowed": true, "delay_hours": 0, "created_at": "2025-09-30T19:52:31.905Z", "updated_at": "2025-09-30T19:52:31.905Z"}}, {"model": "projects.weatherworkrecommendation", "pk": 43, "fields": {"work_type": 11, "weather_condition": "extreme_cold", "min_temperature": -15, "max_temperature": null, "max_wind_speed": null, "risk_level": "critical", "recommendation": "Плиточный клей не схватывается на морозе", "is_work_allowed": false, "delay_hours": 48, "created_at": "2025-09-30T19:52:31.906Z", "updated_at": "2025-09-30T19:52:31.906Z"}}, {"model": "projects.weatherworkrecommendation", "pk": 44, "fields": {"work_type": 11, "weather_condition": "extreme_heat", "min_temperature": null, "max_temperature": 35, "max_wind_speed": null, "risk_level": "medium", "recommendation": "Клей схватывается быстрее - работать быстро", "is_work_allowed": true, "delay_hours": 0, "created_at": "2025-09-30T19:52:31.908Z", "updated_at": "2025-09-30T19:52:31.908Z"}}, {"model": "projects.weatherworkrecommendation", "pk": 45, "fields": {"work_type": 11, "weather_condition": "high_wind", "min_temperature": null, "max_temperature": null, "max_wind_speed": 10, "risk_level": "low", "recommendation": "Ветер помогает высыханию раствора", "is_work_allowed": true, "delay_hours": 0, "created_at": "2025-09-30T19:52:31.910Z", "updated_at": "2025-09-30T19:52:31.910Z"}}, {"model": "projects.weatherworkrecommendation", "pk": 46, "fields": {"work_type": 12, "weather_condition": "clear", "min_temperature": null, "max_temperature": null, "max_wind_speed": null, "risk_level": "low", "recommendation": "Отличная видимость для монтажа", "is_work_allowed": true, "delay_hours": 0, "created_at": "2025-09-30T19:52:31.912Z", "updated_at": "2025-09-30T19:52:31.912Z"}}, {"model": "projects.weatherworkrecommendation", "pk": 47, "fields": {"work_type": 12, "weather_condition": "clouds", "min_temperature": null, "max_temperature": null, "max_wind_speed": null, "risk_level": "low", "recommendation": "Хорошие условия для работы", "is_work_allowed": true, "delay_hours": 0, "created_at": "2025-09-30T19:52:31.914Z", "updated_at": "2025-09-30T19:52:31.914Z"}}, {"model": "projects.weatherworkrecommendation", "pk": 48, "fields": {"work_type": 12, "weather_condition": "rain", "min_temperature": null, "max_temperature": null, "max_wind_speed": null, "risk_level": "high", "recommendation": "Скользкие поверхности опасны при монтаже", "is_work_allowed": false, "delay_hours": 12, "created_at": "2025-09-30T19:52:31.915Z", "updated_at": "2025-09-30T19:52:31.915Z"}}, {"model": "projects.weatherworkrecommendation", "pk": 49, "fields": {"work_type": 12, "weather_condition": "snow", "min_temperature": null, "max_temperature": null, "max_wind_speed": null, "risk_level": "high", "recommendation": "Снег затрудняет монтажные работы", "is_work_allowed": false, "delay_hours": 12, "created_at": "2025-09-30T19:52:31.916Z", "updated_at": "2025-09-30T19:52:31.917Z"}}, {"model": "projects.weatherworkrecommendation", "pk": 50, "fields": {"work_type": 12, "weather_condition": "thunderstorm", "min_temperature": null, "max_temperature": null, "max_wind_speed": null, "risk_level": "critical", "recommendation": "Металл притягивает молнии - смертельно опасно", "is_work_allowed": false, "delay_hours": 48, "created_at": "2025-09-30T19:52:31.918Z", "updated_at": "2025-09-30T19:52:31.918Z"}}, {"model": "projects.weatherworkrecommendation", "pk": 51, "fields": {"work_type": 12, "weather_condition": "mist", "min_temperature": null, "max_temperature": null, "max_wind_speed": null, "risk_level": "medium", "recommendation": "Плохая видимость - усилить контроль", "is_work_allowed": true, "delay_hours": 0, "created_at": "2025-09-30T19:52:31.920Z", "updated_at": "2025-09-30T19:52:31.920Z"}}, {"model": "projects.weatherworkrecommendation", "pk": 52, "fields": {"work_type": 12, "weather_condition": "extreme_cold", "min_temperature": -15, "max_temperature": null, "max_wind_speed": null, "risk_level": "high", "recommendation": "Металл становится хрупким - осторожность", "is_work_allowed": true, "delay_hours": 0, "created_at": "2025-09-30T19:52:31.921Z", "updated_at": "2025-09-30T19:52:31.921Z"}}, {"model": "projects.weatherworkrecommendation", "pk": 53, "fields": {"work_type": 12, "weather_condition": "extreme_heat", "min_temperature": null, "max_temperature": 35, "max_wind_speed": null, "risk_level": "medium", "recommendation": "Металл сильно нагревается - защита рук", "is_work_allowed": true, "delay_hours": 0, "created_at": "2025-09-30T19:52:31.922Z", "updated_at": "2025-09-30T19:52:31.922Z"}}, {"model": "projects.weatherworkrecommendation", "pk": 54, "fields": {"work_type": 12, "weather_condition": "high_wind", "min_temperature": null, "max_temperature": null, "max_wind_speed": 10, "risk_level": "critical", "recommendation": "Ветер раскачивает конструкции - опасно", "is_work_allowed": false, "delay_hours": 24, "created_at": "2025-09-30T19:52:31.924Z", "updated_at": "2025-09-30T19:52:31.924Z"}}, {"model": "projects.weatherworkrecommendation", "pk": 55, "fields": {"work_type": 17, "weather_condition": "clear", "min_temperature": null, "max_temperature": null, "max_wind_speed": null, "risk_level": "low", "recommendation": "🤖 Оптимальные условия для AI-управляемой техники - идеальная видимость для датчиков", "is_work_allowed": true, "delay_hours": 0, "created_at": "2025-09-30T20:00:50.036Z", "updated_at": "2025-09-30T20:00:50.036Z"}}, {"model": "projects.weatherworkrecommendation", "pk": 56, "fields": {"work_type": 17, "weather_condition": "rain", "min_temperature": null, "max_temperature": null, "max_wind_speed": null, "risk_level": "medium", "recommendation": "☔ Умная техника адаптируется к дождю, но снижается скорость работы на 20%", "is_work_allowed": true, "delay_hours": 0, "created_at": "2025-09-30T20:00:50.039Z", "updated_at": "2025-09-30T20:00:50.039Z"}}, {"model": "projects.weatherworkrecommendation", "pk": 57, "fields": {"work_type": 17, "weather_condition": "extreme_cold", "min_temperature": null, "max_temperature": null, "max_wind_speed": null, "risk_level": "high", "recommendation": "🥶 Беспилотная техника работает, но требуется частая калибровка датчиков", "is_work_allowed": true, "delay_hours": 0, "created_at": "2025-09-30T20:00:50.040Z", "updated_at": "2025-09-30T20:00:50.040Z"}}, {"model": "projects.weatherworkrecommendation", "pk": 58, "fields": {"work_type": 18, "weather_condition": "clear", "min_temperature": null, "max_temperature": null, "max_wind_speed": null, "risk_level": "low", "recommendation": "🌱 Идеальные условия для эко-бетонирования - оптимальная скорость затвердевания", "is_work_allowed": true, "delay_hours": 0, "created_at": "2025-09-30T20:00:50.042Z", "updated_at": "2025-09-30T20:00:50.042Z"}}, {"model": "projects.weatherworkrecommendation", "pk": 59, "fields": {"work_type": 18, "weather_condition": "rain", "min_temperature": null, "max_temperature": null, "max_wind_speed": null, "risk_level": "critical", "recommendation": "⛔ Дождь критически влияет на эко-добавки - возможна потеря свойств", "is_work_allowed": false, "delay_hours": 48, "created_at": "2025-09-30T20:00:50.044Z", "updated_at": "2025-09-30T20:00:50.044Z"}}, {"model": "projects.weatherworkrecommendation", "pk": 60, "fields": {"work_type": 18, "weather_condition": "extreme_heat", "min_temperature": null, "max_temperature": null, "max_wind_speed": null, "risk_level": "high", "recommendation": "🔥 Требуется усиленное увлажнение и тентовое укрытие для эко-компонентов", "is_work_allowed": true, "delay_hours": 0, "created_at": "2025-09-30T20:00:50.047Z", "updated_at": "2025-09-30T20:00:50.047Z"}}, {"model": "projects.weatherworkrecommendation", "pk": 61, "fields": {"work_type": 19, "weather_condition": "clear", "min_temperature": null, "max_temperature": null, "max_wind_speed": null, "risk_level": "low", "recommendation": "🧠 Нейросеть оптимизирует укладку - прогнозируемое качество 98%", "is_work_allowed": true, "delay_hours": 0, "created_at": "2025-09-30T20:00:50.049Z", "updated_at": "2025-09-30T20:00:50.049Z"}}, {"model": "projects.weatherworkrecommendation", "pk": 62, "fields": {"work_type": 19, "weather_condition": "rain", "min_temperature": null, "max_temperature": null, "max_wind_speed": null, "risk_level": "critical", "recommendation": "🚫 AI-система блокирует укладку при осадках для сохранения микросенсоров", "is_work_allowed": false, "delay_hours": 24, "created_at": "2025-09-30T20:00:50.051Z", "updated_at": "2025-09-30T20:00:50.051Z"}}, {"model": "projects.weatherworkrecommendation", "pk": 63, "fields": {"work_type": 19, "weather_condition": "high_wind", "min_temperature": null, "max_temperature": null, "max_wind_speed": null, "risk_level": "medium", "recommendation": "💨 Ветер влияет на температурные датчики - автокалибровка каждые 30 мин", "is_work_allowed": true, "delay_hours": 0, "created_at": "2025-09-30T20:00:50.052Z", "updated_at": "2025-09-30T20:00:50.052Z"}}, {"model": "projects.weatherworkrecommendation", "pk": 64, "fields": {"work_type": 20, "weather_condition": "clear", "min_temperature": null, "max_temperature": null, "max_wind_speed": null, "risk_level": "low", "recommendation": "✨ Идеальные условия для формирования нано-структур покрытия", "is_work_allowed": true, "delay_hours": 0, "created_at": "2025-09-30T20:00:50.054Z", "updated_at": "2025-09-30T20:00:50.054Z"}}, {"model": "projects.weatherworkrecommendation", "pk": 65, "fields": {"work_type": 20, "weather_condition": "mist", "min_temperature": null, "max_temperature": null, "max_wind_speed": null, "risk_level": "critical", "recommendation": "🌫️ Влажность нарушает процесс самоорганизации наночастиц", "is_work_allowed": false, "delay_hours": 24, "created_at": "2025-09-30T20:00:50.057Z", "updated_at": "2025-09-30T20:00:50.057Z"}}, {"model": "projects.weatherworkrecommendation", "pk": 66, "fields": {"work_type": 20, "weather_condition": "extreme_heat", "min_temperature": null, "max_temperature": null, "max_wind_speed": null, "risk_level": "high", "recommendation": "🌡️ Высокие температуры разрушают нано-эмульсию", "is_work_allowed": false, "delay_hours": 12, "created_at": "2025-09-30T20:00:50.058Z", "updated_at": "2025-09-30T20:00:50.058Z"}}, {"model": "projects.weatherworkrecommendation", "pk": 67, "fields": {"work_type": 21, "weather_condition": "clear", "min_temperature": null, "max_temperature": null, "max_wind_speed": null, "risk_level": "low", "recommendation": "💎 Оптимальные условия для установки LED-модулей и датчиков", "is_work_allowed": true, "delay_hours": 0, "created_at": "2025-09-30T20:00:50.060Z", "updated_at": "2025-09-30T20:00:50.060Z"}}, {"model": "projects.weatherworkrecommendation", "pk": 68, "fields": {"work_type": 21, "weather_condition": "rain", "min_temperature": null, "max_temperature": null, "max_wind_speed": null, "risk_level": "high", "recommendation": "⚡ Влага может повредить электронные компоненты плитки", "is_work_allowed": false, "delay_hours": 24, "created_at": "2025-09-30T20:00:50.062Z", "updated_at": "2025-09-30T20:00:50.062Z"}}, {"model": "projects.weatherworkrecommendation", "pk": 69, "fields": {"work_type": 21, "weather_condition": "thunderstorm", "min_temperature": null, "max_temperature": null, "max_wind_speed": null, "risk_level": "critical", "recommendation": "⚡ Критическая опасность для электронной начинки плитки", "is_work_allowed": false, "delay_hours": 48, "created_at": "2025-09-30T20:00:50.063Z", "updated_at": "2025-09-30T20:00:50.063Z"}}, {"model": "projects.weatherworkrecommendation", "pk": 70, "fields": {"work_type": 22, "weather_condition": "high_wind", "min_temperature": null, "max_temperature": null, "max_wind_speed": null, "risk_level": "critical", "recommendation": "💨 Карбоновые конструкции требуют безветренной погоды при монтаже", "is_work_allowed": false, "delay_hours": 48, "created_at": "2025-09-30T20:00:50.065Z", "updated_at": "2025-09-30T20:00:50.065Z"}}, {"model": "projects.weatherworkrecommendation", "pk": 71, "fields": {"work_type": 22, "weather_condition": "clear", "min_temperature": null, "max_temperature": null, "max_wind_speed": null, "risk_level": "low", "recommendation": "⚡ Идеальные условия для монтажа сверхлегких конструкций", "is_work_allowed": true, "delay_hours": 0, "created_at": "2025-09-30T20:00:50.068Z", "updated_at": "2025-09-30T20:00:50.068Z"}}, {"model": "projects.weatherworkrecommendation", "pk": 72, "fields": {"work_type": 22, "weather_condition": "extreme_cold", "min_temperature": null, "max_temperature": null, "max_wind_speed": null, "risk_level": "medium", "recommendation": "🥶 Карбон сохраняет свойства, но нужны утепленные инструменты", "is_work_allowed": true, "delay_hours": 0, "created_at": "2025-09-30T20:00:50.070Z", "updated_at": "2025-09-30T20:00:50.070Z"}}, {"model": "projects.weatherworkrecommendation", "pk": 73, "fields": {"work_type": 23, "weather_condition": "clear", "min_temperature": null, "max_temperature": null, "max_wind_speed": null, "risk_level": "low", "recommendation": "📡 Отличные условия для настройки IoT-датчиков и тестирования связи", "is_work_allowed": true, "delay_hours": 0, "created_at": "2025-09-30T20:00:50.072Z", "updated_at": "2025-09-30T20:00:50.072Z"}}, {"model": "projects.weatherworkrecommendation", "pk": 74, "fields": {"work_type": 23, "weather_condition": "thunderstorm", "min_temperature": null, "max_temperature": null, "max_wind_speed": null, "risk_level": "critical", "recommendation": "⚡ Грозы могут повредить чувствительную электронику навсегда", "is_work_allowed": false, "delay_hours": 72, "created_at": "2025-09-30T20:00:50.074Z", "updated_at": "2025-09-30T20:00:50.074Z"}}, {"model": "projects.weatherworkrecommendation", "pk": 75, "fields": {"work_type": 23, "weather_condition": "mist", "min_temperature": null, "max_temperature": null, "max_wind_speed": null, "risk_level": "medium", "recommendation": "📶 Влажность может влиять на радиосигнал - нужна дополнительная защита", "is_work_allowed": true, "delay_hours": 0, "created_at": "2025-09-30T20:00:50.075Z", "updated_at": "2025-09-30T20:00:50.075Z"}}, {"model": "projects.weatherworkrecommendation", "pk": 76, "fields": {"work_type": 29, "weather_condition": "clear", "min_temperature": null, "max_temperature": null, "max_wind_speed": null, "risk_level": "low", "recommendation": "Работы по монтаж металлоконструкций в условиях \"sunny\" разрешены", "is_work_allowed": true, "delay_hours": 0, "created_at": "2025-09-30T20:10:17.353Z", "updated_at": "2025-09-30T20:10:17.353Z"}}, {"model": "projects.weatherworkrecommendation", "pk": 77, "fields": {"work_type": 29, "weather_condition": "clouds", "min_temperature": null, "max_temperature": null, "max_wind_speed": null, "risk_level": "low", "recommendation": "Работы по монтаж металлоконструкций в условиях \"partly_cloudy\" разрешены", "is_work_allowed": true, "delay_hours": 0, "created_at": "2025-09-30T20:10:17.355Z", "updated_at": "2025-09-30T20:10:17.355Z"}}, {"model": "projects.weatherworkrecommendation", "pk": 78, "fields": {"work_type": 29, "weather_condition": "rain", "min_temperature": null, "max_temperature": null, "max_wind_speed": null, "risk_level": "low", "recommendation": "Работы по монтаж металлоконструкций в условиях \"light_rain\" разрешены", "is_work_allowed": true, "delay_hours": 0, "created_at": "2025-09-30T20:10:17.357Z", "updated_at": "2025-09-30T20:10:17.357Z"}}, {"model": "projects.weatherworkrecommendation", "pk": 79, "fields": {"work_type": 29, "weather_condition": "snow", "min_temperature": null, "max_temperature": null, "max_wind_speed": null, "risk_level": "low", "recommendation": "Работы по монтаж металлоконструкций в условиях \"snow\" разрешены", "is_work_allowed": true, "delay_hours": 0, "created_at": "2025-09-30T20:10:17.359Z", "updated_at": "2025-09-30T20:10:17.359Z"}}, {"model": "projects.weatherworkrecommendation", "pk": 80, "fields": {"work_type": 29, "weather_condition": "thunderstorm", "min_temperature": null, "max_temperature": null, "max_wind_speed": null, "risk_level": "critical", "recommendation": "Работы по монтаж металлоконструкций запрещены при грозе", "is_work_allowed": false, "delay_hours": 0, "created_at": "2025-09-30T20:10:17.361Z", "updated_at": "2025-09-30T20:10:17.361Z"}}, {"model": "projects.weatherforecast", "pk": 1, "fields": {"project": 1, "forecast_date": "2025-09-30", "temperature": 24, "weather_main": "Rain", "weather_description": "дождь", "wind_speed": 5.420889946888106, "humidity": 83, "precipitation": 5.053764541861872, "created_at": "2025-09-30T19:51:36.368Z"}}, {"model": "projects.weatherforecast", "pk": 2, "fields": {"project": 1, "forecast_date": "2025-10-01", "temperature": 0, "weather_main": "Snow", "weather_description": "снег", "wind_speed": 13.80837110309999, "humidity": 59, "precipitation": 0.0, "created_at": "2025-09-30T19:51:36.370Z"}}, {"model": "projects.weatherforecast", "pk": 3, "fields": {"project": 1, "forecast_date": "2025-10-02", "temperature": 8, "weather_main": "Clouds", "weather_description": "облачно с прояснениями", "wind_speed": 3.183808420426842, "humidity": 90, "precipitation": 0.0, "created_at": "2025-09-30T19:51:36.372Z"}}, {"model": "projects.weatherforecast", "pk": 4, "fields": {"project": 1, "forecast_date": "2025-10-03", "temperature": 15, "weather_main": "Snow", "weather_description": "снег", "wind_speed": 12.394129412971147, "humidity": 59, "precipitation": 0.0, "created_at": "2025-09-30T19:51:36.373Z"}}, {"model": "projects.weatherforecast", "pk": 5, "fields": {"project": 1, "forecast_date": "2025-10-04", "temperature": 12, "weather_main": "Clear", "weather_description": "ясно", "wind_speed": 6.485698771752685, "humidity": 51, "precipitation": 0.0, "created_at": "2025-09-30T19:51:36.375Z"}}, {"model": "projects.weatherforecast", "pk": 6, "fields": {"project": 1, "forecast_date": "2025-10-05", "temperature": 23, "weather_main": "Snow", "weather_description": "снег", "wind_speed": 2.197257355414178, "humidity": 51, "precipitation": 0.0, "created_at": "2025-09-30T19:51:36.377Z"}}, {"model": "projects.weatherforecast", "pk": 7, "fields": {"project": 1, "forecast_date": "2025-10-06", "temperature": 9, "weather_main": "Clouds", "weather_description": "облачно с прояснениями", "wind_speed": 9.923180488470686, "humidity": 43, "precipitation": 0.0, "created_at": "2025-09-30T19:51:36.379Z"}}, {"model": "projects.weatherforecast", "pk": 8, "fields": {"project": 1, "forecast_date": "2025-10-07", "temperature": 1, "weather_main": "Rain", "weather_description": "дождь", "wind_speed": 12.209632713616367, "humidity": 64, "precipitation": 9.010189623727618, "created_at": "2025-09-30T19:51:36.380Z"}}, {"model": "projects.weatherforecast", "pk": 9, "fields": {"project": 1, "forecast_date": "2025-10-08", "temperature": 20, "weather_main": "Clear", "weather_description": "ясно", "wind_speed": 12.139407990004369, "humidity": 86, "precipitation": 0.0, "created_at": "2025-09-30T19:51:36.382Z"}}, {"model": "projects.weatherforecast", "pk": 10, "fields": {"project": 1, "forecast_date": "2025-10-09", "temperature": 10, "weather_main": "Rain", "weather_description": "дождь", "wind_speed": 13.781477606889311, "humidity": 85, "precipitation": 9.42824026102193, "created_at": "2025-09-30T19:51:36.383Z"}}, {"model": "projects.weatherforecast", "pk": 11, "fields": {"project": 1, "forecast_date": "2025-10-10", "temperature": 15, "weather_main": "Rain", "weather_description": "дождь", "wind_speed": 12.395990998053168, "humidity": 65, "precipitation": 6.519295396935089, "created_at": "2025-09-30T19:51:36.384Z"}}, {"model": "projects.weatherforecast", "pk": 12, "fields": {"project": 1, "forecast_date": "2025-10-11", "temperature": -2, "weather_main": "Clear", "weather_description": "ясно", "wind_speed": 3.5733003682654827, "humidity": 90, "precipitation": 0.0, "created_at": "2025-09-30T19:51:36.385Z"}}, {"model": "projects.weatherforecast", "pk": 13, "fields": {"project": 1, "forecast_date": "2025-10-12", "temperature": 16, "weather_main": "Clear", "weather_description": "ясно", "wind_speed": 10.020780712047964, "humidity": 79, "precipitation": 0.0, "created_at": "2025-09-30T19:51:36.387Z"}}, {"model": "projects.weatherforecast", "pk": 14, "fields": {"project": 1, "forecast_date": "2025-10-13", "temperature": -5, "weather_main": "Rain", "weather_description": "дождь", "wind_speed": 2.646357118131906, "humidity": 57, "precipitation": 1.5391402459450765, "created_at": "2025-09-30T19:51:36.388Z"}}, {"model": "projects.weatherforecast", "pk": 15, "fields": {"project": 2, "forecast_date": "2025-09-30", "temperature": 13, "weather_main": "Rain", "weather_description": "дождь", "wind_speed": 10.595282824637236, "humidity": 55, "precipitation": 7.569367889709988, "created_at": "2025-09-30T20:04:13.080Z"}}, {"model": "projects.weatherforecast", "pk": 16, "fields": {"project": 2, "forecast_date": "2025-10-01", "temperature": -4, "weather_main": "Snow", "weather_description": "снег", "wind_speed": 14.610355147606155, "humidity": 56, "precipitation": 0.0, "created_at": "2025-09-30T20:04:13.082Z"}}, {"model": "projects.weatherforecast", "pk": 17, "fields": {"project": 2, "forecast_date": "2025-10-02", "temperature": -3, "weather_main": "Clouds", "weather_description": "облачно с прояснениями", "wind_speed": 2.069651530106202, "humidity": 49, "precipitation": 0.0, "created_at": "2025-09-30T20:04:13.084Z"}}, {"model": "projects.weatherforecast", "pk": 18, "fields": {"project": 2, "forecast_date": "2025-10-03", "temperature": 13, "weather_main": "Rain", "weather_description": "дождь", "wind_speed": 13.966222279767724, "humidity": 69, "precipitation": 2.6309858924184084, "created_at": "2025-09-30T20:04:13.085Z"}}, {"model": "projects.weatherforecast", "pk": 19, "fields": {"project": 2, "forecast_date": "2025-10-04", "temperature": 23, "weather_main": "Clear", "weather_description": "ясно", "wind_speed": 2.9877092327298427, "humidity": 55, "precipitation": 0.0, "created_at": "2025-09-30T20:04:13.087Z"}}, {"model": "projects.weatherforecast", "pk": 20, "fields": {"project": 2, "forecast_date": "2025-10-05", "temperature": -1, "weather_main": "Rain", "weather_description": "дождь", "wind_speed": 5.013141960217039, "humidity": 82, "precipitation": 4.83886682966554, "created_at": "2025-09-30T20:04:13.088Z"}}, {"model": "projects.weatherforecast", "pk": 21, "fields": {"project": 2, "forecast_date": "2025-10-06", "temperature": -1, "weather_main": "Snow", "weather_description": "снег", "wind_speed": 12.516388500148675, "humidity": 90, "precipitation": 0.0, "created_at": "2025-09-30T20:04:13.090Z"}}, {"model": "projects.weatherforecast", "pk": 22, "fields": {"project": 2, "forecast_date": "2025-10-07", "temperature": 20, "weather_main": "Snow", "weather_description": "снег", "wind_speed": 7.193620702168333, "humidity": 64, "precipitation": 0.0, "created_at": "2025-09-30T20:04:13.091Z"}}, {"model": "projects.weatherforecast", "pk": 23, "fields": {"project": 2, "forecast_date": "2025-10-08", "temperature": 14, "weather_main": "Snow", "weather_description": "снег", "wind_speed": 10.525643760971477, "humidity": 75, "precipitation": 0.0, "created_at": "2025-09-30T20:04:13.093Z"}}, {"model": "projects.weatherforecast", "pk": 24, "fields": {"project": 2, "forecast_date": "2025-10-09", "temperature": 22, "weather_main": "Snow", "weather_description": "снег", "wind_speed": 9.786361022556967, "humidity": 78, "precipitation": 0.0, "created_at": "2025-09-30T20:04:13.095Z"}}, {"model": "projects.weatherforecast", "pk": 25, "fields": {"project": 2, "forecast_date": "2025-10-10", "temperature": 11, "weather_main": "Clouds", "weather_description": "облачно с прояснениями", "wind_speed": 2.1427950048119553, "humidity": 50, "precipitation": 0.0, "created_at": "2025-09-30T20:04:13.097Z"}}, {"model": "projects.weatherforecast", "pk": 26, "fields": {"project": 2, "forecast_date": "2025-10-11", "temperature": 4, "weather_main": "Clear", "weather_description": "ясно", "wind_speed": 5.886775878075721, "humidity": 42, "precipitation": 0.0, "created_at": "2025-09-30T20:04:13.098Z"}}, {"model": "projects.weatherforecast", "pk": 27, "fields": {"project": 2, "forecast_date": "2025-10-12", "temperature": -5, "weather_main": "Clear", "weather_description": "ясно", "wind_speed": 10.618016352456005, "humidity": 66, "precipitation": 0.0, "created_at": "2025-09-30T20:04:13.099Z"}}, {"model": "projects.weatherforecast", "pk": 28, "fields": {"project": 2, "forecast_date": "2025-10-13", "temperature": 6, "weather_main": "Rain", "weather_description": "дождь", "wind_speed": 11.033705596027998, "humidity": 88, "precipitation": 0.5540545785496787, "created_at": "2025-09-30T20:04:13.101Z"}}, {"model": "projects.weatherforecast", "pk": 29, "fields": {"project": 15, "forecast_date": "2025-09-30", "temperature": 4, "weather_main": "Rain", "weather_description": "дождь", "wind_speed": 12.720744094263393, "humidity": 81, "precipitation": 0.3083366951320765, "created_at": "2025-09-30T20:04:24.042Z"}}, {"model": "projects.weatherforecast", "pk": 30, "fields": {"project": 15, "forecast_date": "2025-10-01", "temperature": 21, "weather_main": "Rain", "weather_description": "дождь", "wind_speed": 9.473446125378826, "humidity": 75, "precipitation": 8.984119100153569, "created_at": "2025-09-30T20:04:24.050Z"}}, {"model": "projects.weatherforecast", "pk": 31, "fields": {"project": 15, "forecast_date": "2025-10-02", "temperature": 25, "weather_main": "Clouds", "weather_description": "облачно с прояснениями", "wind_speed": 7.162342627135174, "humidity": 78, "precipitation": 0.0, "created_at": "2025-09-30T20:04:24.051Z"}}, {"model": "projects.weatherforecast", "pk": 32, "fields": {"project": 15, "forecast_date": "2025-10-03", "temperature": -3, "weather_main": "Clouds", "weather_description": "облачно с прояснениями", "wind_speed": 10.849681432359416, "humidity": 47, "precipitation": 0.0, "created_at": "2025-09-30T20:04:24.053Z"}}, {"model": "projects.weatherforecast", "pk": 33, "fields": {"project": 15, "forecast_date": "2025-10-04", "temperature": 5, "weather_main": "Clear", "weather_description": "ясно", "wind_speed": 7.649578288792737, "humidity": 77, "precipitation": 0.0, "created_at": "2025-09-30T20:04:24.054Z"}}, {"model": "projects.weatherforecast", "pk": 34, "fields": {"project": 15, "forecast_date": "2025-10-05", "temperature": 11, "weather_main": "Snow", "weather_description": "снег", "wind_speed": 9.139329196960496, "humidity": 62, "precipitation": 0.0, "created_at": "2025-09-30T20:04:24.056Z"}}, {"model": "projects.weatherforecast", "pk": 35, "fields": {"project": 15, "forecast_date": "2025-10-06", "temperature": 16, "weather_main": "Clouds", "weather_description": "облачно с прояснениями", "wind_speed": 9.022458295369407, "humidity": 64, "precipitation": 0.0, "created_at": "2025-09-30T20:04:24.057Z"}}, {"model": "projects.weatherforecast", "pk": 36, "fields": {"project": 15, "forecast_date": "2025-10-07", "temperature": 21, "weather_main": "Clear", "weather_description": "ясно", "wind_speed": 6.334889594843059, "humidity": 44, "precipitation": 0.0, "created_at": "2025-09-30T20:04:24.058Z"}}, {"model": "projects.weatherforecast", "pk": 37, "fields": {"project": 15, "forecast_date": "2025-10-08", "temperature": 16, "weather_main": "Clear", "weather_description": "ясно", "wind_speed": 6.533094016122503, "humidity": 74, "precipitation": 0.0, "created_at": "2025-09-30T20:04:24.060Z"}}, {"model": "projects.weatherforecast", "pk": 38, "fields": {"project": 15, "forecast_date": "2025-10-09", "temperature": 24, "weather_main": "Snow", "weather_description": "снег", "wind_speed": 7.1901228510903135, "humidity": 58, "precipitation": 0.0, "created_at": "2025-09-30T20:04:24.061Z"}}, {"model": "projects.weatherforecast", "pk": 39, "fields": {"project": 15, "forecast_date": "2025-10-10", "temperature": 9, "weather_main": "Rain", "weather_description": "дождь", "wind_speed": 12.158958927033447, "humidity": 81, "precipitation": 6.174864779934181, "created_at": "2025-09-30T20:04:24.063Z"}}, {"model": "projects.weatherforecast", "pk": 40, "fields": {"project": 15, "forecast_date": "2025-10-11", "temperature": -5, "weather_main": "Rain", "weather_description": "дождь", "wind_speed": 11.422491328632674, "humidity": 57, "precipitation": 0.27508675709005836, "created_at": "2025-09-30T20:04:24.064Z"}}, {"model": "projects.weatherforecast", "pk": 41, "fields": {"project": 15, "forecast_date": "2025-10-12", "temperature": 21, "weather_main": "Clear", "weather_description": "ясно", "wind_speed": 11.09859383888901, "humidity": 64, "precipitation": 0.0, "created_at": "2025-09-30T20:04:24.066Z"}}, {"model": "projects.weatherforecast", "pk": 42, "fields": {"project": 15, "forecast_date": "2025-10-13", "temperature": 18, "weather_main": "Snow", "weather_description": "снег", "wind_speed": 6.9743473574000845, "humidity": 52, "precipitation": 0.0, "created_at": "2025-09-30T20:04:24.067Z"}}, {"model": "projects.weatherforecast", "pk": 43, "fields": {"project": 16, "forecast_date": "2024-01-15", "temperature": 3, "weather_main": "Cloudy", "weather_description": "Облачно", "wind_speed": 8.0, "humidity": 75, "precipitation": 0.0, "created_at": "2025-09-30T20:10:17.313Z"}}, {"model": "projects.weatherforecast", "pk": 44, "fields": {"project": 16, "forecast_date": "2024-01-16", "temperature": -2, "weather_main": "Snow", "weather_description": "Снег", "wind_speed": 12.0, "humidity": 80, "precipitation": 2.0, "created_at": "2025-09-30T20:10:17.314Z"}}, {"model": "projects.weatherforecast", "pk": 45, "fields": {"project": 16, "forecast_date": "2024-01-17", "temperature": 8, "weather_main": "Sunny", "weather_description": "Ясно", "wind_speed": 6.0, "humidity": 65, "precipitation": 0.0, "created_at": "2025-09-30T20:10:17.316Z"}}, {"model": "projects.weatherforecast", "pk": 46, "fields": {"project": 16, "forecast_date": "2024-01-18", "temperature": 12, "weather_main": "Partly_cloudy", "weather_description": "Переменная облачность", "wind_speed": 4.0, "humidity": 70, "precipitation": 0.0, "created_at": "2025-09-30T20:10:17.317Z"}}, {"model": "projects.weatherforecast", "pk": 47, "fields": {"project": 16, "forecast_date": "2024-01-19", "temperature": 6, "weather_main": "Rain", "weather_description": "Дождь", "wind_speed": 15.0, "humidity": 85, "precipitation": 8.0, "created_at": "2025-09-30T20:10:17.319Z"}}, {"model": "projects.weatherforecast", "pk": 48, "fields": {"project": 16, "forecast_date": "2024-01-20", "temperature": -5, "weather_main": "Storm", "weather_description": "Гроза", "wind_speed": 18.0, "humidity": 90, "precipitation": 12.0, "created_at": "2025-09-30T20:10:17.320Z"}}, {"model": "projects.weatherforecast", "pk": 49, "fields": {"project": 16, "forecast_date": "2024-01-21", "temperature": 15, "weather_main": "Sunny", "weather_description": "Солнечно", "wind_speed": 3.0, "humidity": 60, "precipitation": 0.0, "created_at": "2025-09-30T20:10:17.322Z"}}, {"model": "projects.weatherforecast", "pk": 50, "fields": {"project": 16, "forecast_date": "2024-01-22", "temperature": 18, "weather_main": "Sunny", "weather_description": "Солнечно", "wind_speed": 5.0, "humidity": 55, "precipitation": 0.0, "created_at": "2025-09-30T20:10:17.323Z"}}, {"model": "projects.weatherforecast", "pk": 51, "fields": {"project": 16, "forecast_date": "2024-01-23", "temperature": 10, "weather_main": "Light_rain", "weather_description": "Небольшой дождь", "wind_speed": 10.0, "humidity": 75, "precipitation": 3.0, "created_at": "2025-09-30T20:10:17.325Z"}}, {"model": "projects.weatherforecast", "pk": 52, "fields": {"project": 16, "forecast_date": "2024-01-24", "temperature": 22, "weather_main": "Sunny", "weather_description": "Отличная погода", "wind_speed": 2.0, "humidity": 45, "precipitation": 0.0, "created_at": "2025-09-30T20:10:17.327Z"}}, {"model": "projects.weatherforecast", "pk": 53, "fields": {"project": 16, "forecast_date": "2024-01-25", "temperature": -8, "weather_main": "Blizzard", "weather_description": "Метель", "wind_speed": 20.0, "humidity": 95, "precipitation": 15.0, "created_at": "2025-09-30T20:10:17.328Z"}}, {"model": "projects.weatherforecast", "pk": 54, "fields": {"project": 16, "forecast_date": "2024-01-26", "temperature": 14, "weather_main": "Partly_cloudy", "weather_description": "Переменная облачность", "wind_speed": 7.0, "humidity": 68, "precipitation": 0.0, "created_at": "2025-09-30T20:10:17.329Z"}}, {"model": "projects.weatherforecast", "pk": 55, "fields": {"project": 16, "forecast_date": "2024-01-27", "temperature": 25, "weather_main": "Sunny", "weather_description": "Идеальная погода", "wind_speed": 3.0, "humidity": 40, "precipitation": 0.0, "created_at": "2025-09-30T20:10:17.331Z"}}, {"model": "projects.weatherforecast", "pk": 56, "fields": {"project": 16, "forecast_date": "2024-01-28", "temperature": 5, "weather_main": "Rain", "weather_description": "Дождь", "wind_speed": 16.0, "humidity": 82, "precipitation": 6.0, "created_at": "2025-09-30T20:10:17.332Z"}}, {"model": "projects.weatherforecast", "pk": 57, "fields": {"project": 16, "forecast_date": "2025-09-30", "temperature": 21, "weather_main": "Clouds", "weather_description": "облачно с прояснениями", "wind_speed": 10.269251289579817, "humidity": 75, "precipitation": 0.0, "created_at": "2025-09-30T20:28:30.532Z"}}, {"model": "projects.weatherforecast", "pk": 58, "fields": {"project": 16, "forecast_date": "2025-10-01", "temperature": 16, "weather_main": "Clear", "weather_description": "ясно", "wind_speed": 13.517168417546788, "humidity": 74, "precipitation": 0.0, "created_at": "2025-09-30T20:28:30.543Z"}}, {"model": "projects.weatherforecast", "pk": 59, "fields": {"project": 16, "forecast_date": "2025-10-02", "temperature": 14, "weather_main": "Snow", "weather_description": "снег", "wind_speed": 3.888173024447858, "humidity": 68, "precipitation": 0.0, "created_at": "2025-09-30T20:28:30.545Z"}}, {"model": "projects.weatherforecast", "pk": 60, "fields": {"project": 16, "forecast_date": "2025-10-03", "temperature": -1, "weather_main": "Clouds", "weather_description": "облачно с прояснениями", "wind_speed": 9.65649848550251, "humidity": 67, "precipitation": 0.0, "created_at": "2025-09-30T20:28:30.546Z"}}, {"model": "projects.weatherforecast", "pk": 61, "fields": {"project": 16, "forecast_date": "2025-10-04", "temperature": 16, "weather_main": "Rain", "weather_description": "дождь", "wind_speed": 3.3296384345432455, "humidity": 67, "precipitation": 5.006128772242082, "created_at": "2025-09-30T20:28:30.547Z"}}, {"model": "projects.weatherforecast", "pk": 62, "fields": {"project": 16, "forecast_date": "2025-10-05", "temperature": 20, "weather_main": "Clouds", "weather_description": "облачно с прояснениями", "wind_speed": 11.369180916523957, "humidity": 71, "precipitation": 0.0, "created_at": "2025-09-30T20:28:30.549Z"}}, {"model": "projects.weatherforecast", "pk": 63, "fields": {"project": 16, "forecast_date": "2025-10-06", "temperature": 21, "weather_main": "Clear", "weather_description": "ясно", "wind_speed": 4.957821050053701, "humidity": 41, "precipitation": 0.0, "created_at": "2025-09-30T20:28:30.550Z"}}, {"model": "projects.weatherforecast", "pk": 64, "fields": {"project": 16, "forecast_date": "2025-10-07", "temperature": 3, "weather_main": "Clear", "weather_description": "ясно", "wind_speed": 8.517216894964392, "humidity": 43, "precipitation": 0.0, "created_at": "2025-09-30T20:28:30.552Z"}}, {"model": "projects.weatherforecast", "pk": 65, "fields": {"project": 16, "forecast_date": "2025-10-08", "temperature": 0, "weather_main": "Snow", "weather_description": "снег", "wind_speed": 8.751373091288851, "humidity": 79, "precipitation": 0.0, "created_at": "2025-09-30T20:28:30.554Z"}}, {"model": "projects.weatherforecast", "pk": 66, "fields": {"project": 16, "forecast_date": "2025-10-09", "temperature": 21, "weather_main": "Rain", "weather_description": "дождь", "wind_speed": 9.561792811386596, "humidity": 63, "precipitation": 5.879852235620647, "created_at": "2025-09-30T20:28:30.555Z"}}, {"model": "projects.weatherforecast", "pk": 67, "fields": {"project": 16, "forecast_date": "2025-10-10", "temperature": 22, "weather_main": "Clear", "weather_description": "ясно", "wind_speed": 6.16992201409697, "humidity": 69, "precipitation": 0.0, "created_at": "2025-09-30T20:28:30.557Z"}}, {"model": "projects.weatherforecast", "pk": 68, "fields": {"project": 16, "forecast_date": "2025-10-11", "temperature": 18, "weather_main": "Snow", "weather_description": "снег", "wind_speed": 5.248966622602971, "humidity": 70, "precipitation": 0.0, "created_at": "2025-09-30T20:28:30.558Z"}}, {"model": "projects.weatherforecast", "pk": 69, "fields": {"project": 16, "forecast_date": "2025-10-12", "temperature": 2, "weather_main": "Clear", "weather_description": "ясно", "wind_speed": 14.01778440808477, "humidity": 69, "precipitation": 0.0, "created_at": "2025-09-30T20:28:30.559Z"}}, {"model": "projects.weatherforecast", "pk": 70, "fields": {"project": 16, "forecast_date": "2025-10-13", "temperature": 10, "weather_main": "Snow", "weather_description": "снег", "wind_speed": 7.986155656390938, "humidity": 67, "precipitation": 0.0, "created_at": "2025-09-30T20:28:30.561Z"}}, {"model": "projects.weatherforecast", "pk": 71, "fields": {"project": 14, "forecast_date": "2025-09-30", "temperature": 23, "weather_main": "Clear", "weather_description": "ясно", "wind_speed": 7.190539016167633, "humidity": 79, "precipitation": 0.0, "created_at": "2025-09-30T20:30:55.853Z"}}, {"model": "projects.weatherforecast", "pk": 72, "fields": {"project": 14, "forecast_date": "2025-10-01", "temperature": 21, "weather_main": "Clouds", "weather_description": "облачно с прояснениями", "wind_speed": 6.190093121674083, "humidity": 78, "precipitation": 0.0, "created_at": "2025-09-30T20:30:55.863Z"}}, {"model": "projects.weatherforecast", "pk": 73, "fields": {"project": 14, "forecast_date": "2025-10-02", "temperature": 6, "weather_main": "Rain", "weather_description": "дождь", "wind_speed": 10.606145536003176, "humidity": 88, "precipitation": 0.3838188750315219, "created_at": "2025-09-30T20:30:55.865Z"}}, {"model": "projects.weatherforecast", "pk": 74, "fields": {"project": 14, "forecast_date": "2025-10-03", "temperature": -4, "weather_main": "Clouds", "weather_description": "облачно с прояснениями", "wind_speed": 10.815604430616256, "humidity": 74, "precipitation": 0.0, "created_at": "2025-09-30T20:30:55.866Z"}}, {"model": "projects.weatherforecast", "pk": 75, "fields": {"project": 14, "forecast_date": "2025-10-04", "temperature": 21, "weather_main": "Clouds", "weather_description": "облачно с прояснениями", "wind_speed": 7.471633228011212, "humidity": 80, "precipitation": 0.0, "created_at": "2025-09-30T20:30:55.867Z"}}, {"model": "projects.weatherforecast", "pk": 76, "fields": {"project": 14, "forecast_date": "2025-10-05", "temperature": 16, "weather_main": "Clouds", "weather_description": "облачно с прояснениями", "wind_speed": 13.08357187772261, "humidity": 89, "precipitation": 0.0, "created_at": "2025-09-30T20:30:55.869Z"}}, {"model": "projects.weatherforecast", "pk": 77, "fields": {"project": 14, "forecast_date": "2025-10-06", "temperature": 16, "weather_main": "Rain", "weather_description": "дождь", "wind_speed": 12.6477772781519, "humidity": 60, "precipitation": 8.856119892853624, "created_at": "2025-09-30T20:30:55.870Z"}}, {"model": "projects.weatherforecast", "pk": 78, "fields": {"project": 14, "forecast_date": "2025-10-07", "temperature": 8, "weather_main": "Snow", "weather_description": "снег", "wind_speed": 5.292189142975822, "humidity": 62, "precipitation": 0.0, "created_at": "2025-09-30T20:30:55.872Z"}}, {"model": "projects.weatherforecast", "pk": 79, "fields": {"project": 14, "forecast_date": "2025-10-08", "temperature": 18, "weather_main": "Clear", "weather_description": "ясно", "wind_speed": 10.579873257095617, "humidity": 61, "precipitation": 0.0, "created_at": "2025-09-30T20:30:55.874Z"}}, {"model": "projects.weatherforecast", "pk": 80, "fields": {"project": 14, "forecast_date": "2025-10-09", "temperature": 16, "weather_main": "Clouds", "weather_description": "облачно с прояснениями", "wind_speed": 3.4016596290678773, "humidity": 65, "precipitation": 0.0, "created_at": "2025-09-30T20:30:55.876Z"}}, {"model": "projects.weatherforecast", "pk": 81, "fields": {"project": 14, "forecast_date": "2025-10-10", "temperature": 4, "weather_main": "Snow", "weather_description": "снег", "wind_speed": 12.801594583546224, "humidity": 47, "precipitation": 0.0, "created_at": "2025-09-30T20:30:55.877Z"}}, {"model": "projects.weatherforecast", "pk": 82, "fields": {"project": 14, "forecast_date": "2025-10-11", "temperature": 23, "weather_main": "Clear", "weather_description": "ясно", "wind_speed": 2.194337124462341, "humidity": 71, "precipitation": 0.0, "created_at": "2025-09-30T20:30:55.879Z"}}, {"model": "projects.weatherforecast", "pk": 83, "fields": {"project": 14, "forecast_date": "2025-10-12", "temperature": -1, "weather_main": "Clear", "weather_description": "ясно", "wind_speed": 6.406624642258593, "humidity": 48, "precipitation": 0.0, "created_at": "2025-09-30T20:30:55.880Z"}}, {"model": "projects.weatherforecast", "pk": 84, "fields": {"project": 14, "forecast_date": "2025-10-13", "temperature": 2, "weather_main": "Snow", "weather_description": "снег", "wind_speed": 7.172472470320811, "humidity": 57, "precipitation": 0.0, "created_at": "2025-09-30T20:30:55.882Z"}}, {"model": "projects.notification", "pk": 2, "fields": {"recipient": ["inspector_1"], "title": "Требуется проверка активации проекта", "message": "Проект готов к проверке: Проект благоустройства: Проспект Мира 194 (Этап 2)", "notification_type": "inspection", "related_object_type": "ProjectActivation", "related_object_id": 1, "is_read": false, "created_at": "2025-09-24T13:52:28.227Z", "read_at": null}}, {"model": "projects.notification", "pk": 3, "fields": {"recipient": ["demo_inspector"], "title": "Требуется проверка активации проекта", "message": "Проект готов к проверке: Проект благоустройства: Проспект Мира 194 (Этап 2)", "notification_type": "inspection", "related_object_type": "ProjectActivation", "related_object_id": 1, "is_read": false, "created_at": "2025-09-24T13:52:28.228Z", "read_at": null}}, {"model": "projects.notification", "pk": 4, "fields": {"recipient": ["inspector_demo"], "title": "Требуется проверка активации проекта", "message": "Проект готов к проверке: Проект благоустройства: Проспект Мира 194 (Этап 2)", "notification_type": "inspection", "related_object_type": "ProjectActivation", "related_object_id": 1, "is_read": false, "created_at": "2025-09-24T13:52:28.228Z", "read_at": null}}, {"model": "projects.notification", "pk": 5, "fields": {"recipient": ["admin"], "title": "Проект активирован", "message": "Проект Проект благоустройства: Проспект Мира 194 (Этап 2) успешно активирован и готов к работе", "notification_type": "success", "related_object_type": "ProjectActivation", "related_object_id": 1, "is_read": false, "created_at": "2025-09-24T14:28:34.021Z", "read_at": null}}, {"model": "projects.notification", "pk": 6, "fields": {"recipient": ["foreman_1"], "title": "Проект активирован", "message": "Проект Проект благоустройства: Проспект Мира 194 (Этап 2) успешно активирован и готов к работе", "notification_type": "success", "related_object_type": "ProjectActivation", "related_object_id": 1, "is_read": false, "created_at": "2025-09-24T14:28:34.022Z", "read_at": null}}, {"model": "projects.notification", "pk": 7, "fields": {"recipient": ["foreman_1"], "title": "Вы назначены ответственным прорабом", "message": "Вам назначен проект: Озеленение двора на ул. Будущая, 10", "notification_type": "task", "related_object_type": "ProjectActivation", "related_object_id": 4, "is_read": false, "created_at": "2025-09-25T20:05:32.960Z", "read_at": null}}, {"model": "projects.notification", "pk": 8, "fields": {"recipient": ["foreman_2"], "title": "Вы назначены ответственным прорабом", "message": "Вам назначен проект: Тест активации для stroy_control_1", "notification_type": "task", "related_object_type": "ProjectActivation", "related_object_id": 5, "is_read": false, "created_at": "2025-09-25T20:15:49.689Z", "read_at": null}}, {"model": "projects.notification", "pk": 9, "fields": {"recipient": ["inspector_1"], "title": "Требуется проверка активации проекта", "message": "Проект готов к проверке: Тест активации для stroy_control_1", "notification_type": "inspection", "related_object_type": "ProjectActivation", "related_object_id": 5, "is_read": false, "created_at": "2025-09-25T20:16:15.229Z", "read_at": null}}, {"model": "projects.notification", "pk": 10, "fields": {"recipient": ["demo_inspector"], "title": "Требуется проверка активации проекта", "message": "Проект готов к проверке: Тест активации для stroy_control_1", "notification_type": "inspection", "related_object_type": "ProjectActivation", "related_object_id": 5, "is_read": false, "created_at": "2025-09-25T20:16:15.230Z", "read_at": null}}, {"model": "projects.notification", "pk": 11, "fields": {"recipient": ["inspector_demo"], "title": "Требуется проверка активации проекта", "message": "Проект готов к проверке: Тест активации для stroy_control_1", "notification_type": "inspection", "related_object_type": "ProjectActivation", "related_object_id": 5, "is_read": false, "created_at": "2025-09-25T20:16:15.230Z", "read_at": null}}, {"model": "projects.notification", "pk": 12, "fields": {"recipient": ["stroy_control_1"], "title": "Проект активирован", "message": "Проект Тест активации для stroy_control_1 успешно активирован и готов к работе", "notification_type": "success", "related_object_type": "ProjectActivation", "related_object_id": 5, "is_read": true, "created_at": "2025-09-25T20:17:20.848Z", "read_at": "2025-09-25T20:32:33.790Z"}}, {"model": "projects.notification", "pk": 13, "fields": {"recipient": ["foreman_2"], "title": "Проект активирован", "message": "Проект Тест активации для stroy_control_1 успешно активирован и готов к работе", "notification_type": "success", "related_object_type": "ProjectActivation", "related_object_id": 5, "is_read": false, "created_at": "2025-09-25T20:17:20.848Z", "read_at": null}}, {"model": "projects.notification", "pk": 14, "fields": {"recipient": ["foreman_1"], "title": "Вы назначены ответственным прорабом", "message": "Вам назначен проект: Готов к активации СЕГОДНЯ", "notification_type": "task", "related_object_type": "ProjectActivation", "related_object_id": 6, "is_read": false, "created_at": "2025-09-25T20:40:42.110Z", "read_at": null}}, {"model": "projects.notification", "pk": 15, "fields": {"recipient": ["inspector_1"], "title": "Требуется проверка активации проекта", "message": "Проект готов к проверке: Готов к активации СЕГОДНЯ", "notification_type": "inspection", "related_object_type": "ProjectActivation", "related_object_id": 6, "is_read": false, "created_at": "2025-09-25T20:49:39.587Z", "read_at": null}}, {"model": "projects.notification", "pk": 16, "fields": {"recipient": ["demo_inspector"], "title": "Требуется проверка активации проекта", "message": "Проект готов к проверке: Готов к активации СЕГОДНЯ", "notification_type": "inspection", "related_object_type": "ProjectActivation", "related_object_id": 6, "is_read": false, "created_at": "2025-09-25T20:49:39.588Z", "read_at": null}}, {"model": "projects.notification", "pk": 17, "fields": {"recipient": ["inspector_demo"], "title": "Требуется проверка активации проекта", "message": "Проект готов к проверке: Готов к активации СЕГОДНЯ", "notification_type": "inspection", "related_object_type": "ProjectActivation", "related_object_id": 6, "is_read": false, "created_at": "2025-09-25T20:49:39.588Z", "read_at": null}}, {"model": "projects.notification", "pk": 18, "fields": {"recipient": ["stroy_control_1"], "title": "Активация проекта отклонена", "message": "Проект Готов к активации СЕГОДНЯ отклонен. Причина: Выполнение чек-листа повторить", "notification_type": "warning", "related_object_type": "ProjectActivation", "related_object_id": 6, "is_read": false, "created_at": "2025-09-25T21:08:37.997Z", "read_at": null}}, {"model": "projects.notification", "pk": 19, "fields": {"recipient": ["inspector_1"], "title": "Требуется проверка активации проекта", "message": "Проект готов к проверке: Готов к активации СЕГОДНЯ", "notification_type": "inspection", "related_object_type": "ProjectActivation", "related_object_id": 6, "is_read": false, "created_at": "2025-09-25T21:21:51.985Z", "read_at": null}}, {"model": "projects.notification", "pk": 20, "fields": {"recipient": ["demo_inspector"], "title": "Требуется проверка активации проекта", "message": "Проект готов к проверке: Готов к активации СЕГОДНЯ", "notification_type": "inspection", "related_object_type": "ProjectActivation", "related_object_id": 6, "is_read": false, "created_at": "2025-09-25T21:21:51.985Z", "read_at": null}}, {"model": "projects.notification", "pk": 21, "fields": {"recipient": ["inspector_demo"], "title": "Требуется проверка активации проекта", "message": "Проект готов к проверке: Готов к активации СЕГОДНЯ", "notification_type": "inspection", "related_object_type": "ProjectActivation", "related_object_id": 6, "is_read": false, "created_at": "2025-09-25T21:21:51.985Z", "read_at": null}}, {"model": "projects.notification", "pk": 22, "fields": {"recipient": ["stroy_control_1"], "title": "Проект активирован", "message": "Проект Готов к активации СЕГОДНЯ успешно активирован и готов к работе", "notification_type": "success", "related_object_type": "ProjectActivation", "related_object_id": 6, "is_read": false, "created_at": "2025-09-25T21:24:03.527Z", "read_at": null}}, {"model": "projects.notification", "pk": 23, "fields": {"recipient": ["foreman_1"], "title": "Проект активирован", "message": "Проект Готов к активации СЕГОДНЯ успешно активирован и готов к работе", "notification_type": "success", "related_object_type": "ProjectActivation", "related_object_id": 6, "is_read": false, "created_at": "2025-09-25T21:24:03.528Z", "read_at": null}}, {"model": "projects.projectactivation", "pk": 7, "fields": {"project": 5, "status": "activated", "initiated_by": ["stroy_control_1"], "assigned_foreman": ["foreman_1"], "reviewing_inspector": null, "created_at": "2025-09-25T21:40:32.970Z", "foreman_assigned_at": "2025-09-24T21:40:32.968Z", "checklist_completed_at": "2025-09-25T19:40:32.968Z", "inspector_reviewed_at": null, "activated_at": null, "rejection_reason": "", "inspector_notes": "", "activation_document": ""}}, {"model": "projects.projectactivation", "pk": 8, "fields": {"project": 4, "status": "activated", "initiated_by": ["stroy_control_1"], "assigned_foreman": ["foreman_1"], "reviewing_inspector": null, "created_at": "2025-09-25T21:40:32.975Z", "foreman_assigned_at": "2025-09-23T21:40:32.975Z", "checklist_completed_at": "2025-09-24T21:40:32.975Z", "inspector_reviewed_at": "2025-09-25T20:40:32.975Z", "activated_at": null, "rejection_reason": "Не все пункты чек-листа соответствуют требованиям. Необходимо доработать документацию по пожарной безопасности.", "inspector_notes": "Требуется повторная проверка после устранения замечаний.", "activation_document": ""}}, {"model": "projects.projectactivation", "pk": 9, "fields": {"project": 3, "status": "activated", "initiated_by": ["stroy_control_1"], "assigned_foreman": ["foreman_1"], "reviewing_inspector": null, "created_at": "2025-09-25T21:40:32.977Z", "foreman_assigned_at": "2025-09-22T21:40:32.977Z", "checklist_completed_at": "2025-09-23T21:40:32.977Z", "inspector_reviewed_at": "2025-09-25T18:40:32.977Z", "activated_at": null, "rejection_reason": "", "inspector_notes": "", "activation_document": ""}}, {"model": "projects.projectactivation", "pk": 10, "fields": {"project": 1, "status": "activated", "initiated_by": ["stroy_control_1"], "assigned_foreman": ["foreman_1"], "reviewing_inspector": null, "created_at": "2025-09-25T21:46:54.729Z", "foreman_assigned_at": "2025-09-25T21:46:54.727Z", "checklist_completed_at": null, "inspector_reviewed_at": null, "activated_at": null, "rejection_reason": "", "inspector_notes": "", "activation_document": ""}}, {"model": "projects.projectactivation", "pk": 11, "fields": {"project": 2, "status": "activated", "initiated_by": ["stroy_control_1"], "assigned_foreman": ["foreman_1"], "reviewing_inspector": ["inspector_1"], "created_at": "2025-09-25T21:52:25.872Z", "foreman_assigned_at": null, "checklist_completed_at": null, "inspector_reviewed_at": null, "activated_at": null, "rejection_reason": "", "inspector_notes": "", "activation_document": ""}}, {"model": "projects.activationevent", "pk": 17, "fields": {"activation": 10, "event_type": "foreman_assigned", "user": ["stroy_control_1"], "description": "Назначен прораб Прораб 1 на проект Проект благоустройства: Бестужевых 27", "created_at": "2025-09-25T21:46:54.733Z"}}, {"model": "materials.materialtype", "pk": 1, "fields": {"name": "Цемент портландский", "code": "CEMENT", "unit": "т", "description": "", "quality_requirements": ""}}, {"model": "materials.materialtype", "pk": 2, "fields": {"name": "Песок строительный", "code": "SAND", "unit": "м³", "description": "", "quality_requirements": ""}}, {"model": "materials.materialtype", "pk": 3, "fields": {"name": "Щебень фракция 5-20", "code": "GRAVEL", "unit": "м³", "description": "", "quality_requirements": ""}}, {"model": "materials.materialtype", "pk": 4, "fields": {"name": "Кирпич керамический", "code": "BRICK", "unit": "шт", "description": "", "quality_requirements": ""}}, {"model": "materials.materialtype", "pk": 5, "fields": {"name": "Бетон товарный М300", "code": "CONCRETE", "unit": "м³", "description": "", "quality_requirements": ""}}, {"model": "materials.materialtype", "pk": 6, "fields": {"name": "Арматура А500С d12", "code": "REBAR", "unit": "т", "description": "", "quality_requirements": ""}}, {"model": "materials.materialtype", "pk": 7, "fields": {"name": "Трубы канализационные ПВХ", "code": "PIPES", "unit": "м", "description": "", "quality_requirements": ""}}, {"model": "materials.materialtype", "pk": 8, "fields": {"name": "Асфальтобетонная смесь", "code": "ASPHALT", "unit": "т", "description": "", "quality_requirements": ""}}, {"model": "materials.materialtype", "pk": 9, "fields": {"name": "Неопределенный материал (Обрабатывается OCR)", "code": "UNKNOWN", "unit": "шт.", "description": "Временный тип материала для OCR обработки", "quality_requirements": ""}}, {"model": "materials.materialdelivery", "pk": 1, "fields": {"project": 4, "material_type": 8, "supplier": "РегионСтрой", "quantity": "11.85", "delivery_date": "2025-08-28T22:11:11.983Z", "status": "delivered", "ttn_number": "ТТН-20245839", "ttn_image": "", "quality_certificate": "", "quality_certificate_image": "", "location": null, "spec_row": null, "received_by": ["foreman_1"], "notes": "", "ocr_recognized_data": null, "ocr_confidence": null, "manual_entry": true, "created_at": "2025-09-25T22:11:11.985Z", "updated_at": "2025-09-25T22:11:11.985Z"}}, {"model": "materials.materialdelivery", "pk": 2, "fields": {"project": 5, "material_type": 2, "supplier": "РегионСтрой", "quantity": "76.50", "delivery_date": "2025-09-11T22:11:11.986Z", "status": "accepted", "ttn_number": "ТТН-20243134", "ttn_image": "", "quality_certificate": "", "quality_certificate_image": "", "location": null, "spec_row": null, "received_by": ["foreman_1"], "notes": "", "ocr_recognized_data": null, "ocr_confidence": null, "manual_entry": true, "created_at": "2025-09-25T22:11:11.987Z", "updated_at": "2025-09-25T22:11:11.987Z"}}, {"model": "materials.materialdelivery", "pk": 3, "fields": {"project": 5, "material_type": 2, "supplier": "БетонПлюс", "quantity": "60.32", "delivery_date": "2025-09-01T22:11:11.988Z", "status": "delivered", "ttn_number": "ТТН-20249763", "ttn_image": "", "quality_certificate": "", "quality_certificate_image": "", "location": null, "spec_row": null, "received_by": ["foreman_1"], "notes": "", "ocr_recognized_data": null, "ocr_confidence": null, "manual_entry": true, "created_at": "2025-09-25T22:11:11.988Z", "updated_at": "2025-09-25T22:11:11.988Z"}}, {"model": "materials.materialdelivery", "pk": 4, "fields": {"project": 1, "material_type": 8, "supplier": "ООО Стройматериалы", "quantity": "90.64", "delivery_date": "2025-09-11T22:11:11.989Z", "status": "delivered", "ttn_number": "ТТН-20249365", "ttn_image": "", "quality_certificate": "", "quality_certificate_image": "", "location": null, "spec_row": null, "received_by": ["foreman_1"], "notes": "", "ocr_recognized_data": null, "ocr_confidence": null, "manual_entry": true, "created_at": "2025-09-25T22:11:11.989Z", "updated_at": "2025-09-25T22:11:11.989Z"}}, {"model": "materials.materialdelivery", "pk": 5, "fields": {"project": 3, "material_type": 1, "supplier": "ООО Стройматериалы", "quantity": "77.45", "delivery_date": "2025-09-02T22:11:11.990Z", "status": "delivered", "ttn_number": "ТТН-20242184", "ttn_image": "", "quality_certificate": "", "quality_certificate_image": "", "location": null, "spec_row": null, "received_by": ["foreman_1"], "notes": "", "ocr_recognized_data": null, "ocr_confidence": null, "manual_entry": true, "created_at": "2025-09-25T22:11:11.990Z", "updated_at": "2025-09-25T22:11:11.990Z"}}, {"model": "materials.materialdelivery", "pk": 6, "fields": {"project": 1, "material_type": 3, "supplier": "МосСтрой", "quantity": "44.24", "delivery_date": "2025-09-01T22:11:11.991Z", "status": "pending", "ttn_number": "ТТН-20248541", "ttn_image": "", "quality_certificate": "", "quality_certificate_image": "", "location": null, "spec_row": null, "received_by": ["foreman_1"], "notes": "", "ocr_recognized_data": null, "ocr_confidence": null, "manual_entry": true, "created_at": "2025-09-25T22:11:11.992Z", "updated_at": "2025-09-25T22:11:11.992Z"}}, {"model": "materials.materialdelivery", "pk": 7, "fields": {"project": 5, "material_type": 2, "supplier": "СтройТорг", "quantity": "40.38", "delivery_date": "2025-09-23T22:11:11.992Z", "status": "accepted", "ttn_number": "ТТН-20246930", "ttn_image": "", "quality_certificate": "", "quality_certificate_image": "", "location": null, "spec_row": null, "received_by": ["foreman_1"], "notes": "", "ocr_recognized_data": null, "ocr_confidence": null, "manual_entry": true, "created_at": "2025-09-25T22:11:11.993Z", "updated_at": "2025-09-25T22:11:11.993Z"}}, {"model": "materials.materialdelivery", "pk": 8, "fields": {"project": 5, "material_type": 5, "supplier": "РегионСтрой", "quantity": "57.11", "delivery_date": "2025-09-10T22:11:11.994Z", "status": "delivered", "ttn_number": "ТТН-20241520", "ttn_image": "", "quality_certificate": "", "quality_certificate_image": "", "location": null, "spec_row": null, "received_by": ["foreman_1"], "notes": "", "ocr_recognized_data": null, "ocr_confidence": null, "manual_entry": true, "created_at": "2025-09-25T22:11:11.994Z", "updated_at": "2025-09-25T22:11:11.994Z"}}, {"model": "materials.materialdelivery", "pk": 9, "fields": {"project": 2, "material_type": 4, "supplier": "МосСтрой", "quantity": "7.41", "delivery_date": "2025-09-18T22:11:11.995Z", "status": "pending", "ttn_number": "ТТН-20248650", "ttn_image": "", "quality_certificate": "", "quality_certificate_image": "", "location": null, "spec_row": null, "received_by": ["foreman_1"], "notes": "", "ocr_recognized_data": null, "ocr_confidence": null, "manual_entry": true, "created_at": "2025-09-25T22:11:11.995Z", "updated_at": "2025-09-25T22:11:11.995Z"}}, {"model": "materials.materialdelivery", "pk": 10, "fields": {"project": 4, "material_type": 3, "supplier": "СтройТорг", "quantity": "11.22", "delivery_date": "2025-09-14T22:11:11.996Z", "status": "pending", "ttn_number": "ТТН-20243251", "ttn_image": "", "quality_certificate": "", "quality_certificate_image": "", "location": null, "spec_row": null, "received_by": ["foreman_1"], "notes": "", "ocr_recognized_data": null, "ocr_confidence": null, "manual_entry": true, "created_at": "2025-09-25T22:11:11.996Z", "updated_at": "2025-09-25T22:11:11.996Z"}}, {"model": "materials.materialdelivery", "pk": 11, "fields": {"project": 1, "material_type": 6, "supplier": "1", "quantity": "1.00", "delivery_date": "2025-09-25T23:17:00Z", "status": "delivered", "ttn_number": "1", "ttn_image": "", "quality_certificate": "", "quality_certificate_image": "", "location": null, "spec_row": null, "received_by": ["foreman_1"], "notes": "", "ocr_recognized_data": null, "ocr_confidence": null, "manual_entry": true, "created_at": "2025-09-25T23:17:37.652Z", "updated_at": "2025-09-25T23:17:37.652Z"}}, {"model": "materials.materialdelivery", "pk": 12, "fields": {"project": 1, "material_type": 6, "supplier": "1", "quantity": "1.00", "delivery_date": "2025-09-25T23:18:00Z", "status": "delivered", "ttn_number": "1", "ttn_image": "", "quality_certificate": "", "quality_certificate_image": "", "location": null, "spec_row": null, "received_by": ["foreman_1"], "notes": "", "ocr_recognized_data": null, "ocr_confidence": null, "manual_entry": true, "created_at": "2025-09-25T23:18:13.900Z", "updated_at": "2025-09-25T23:18:13.900Z"}}, {"model": "materials.materialdelivery", "pk": 13, "fields": {"project": 1, "material_type": 8, "supplier": "ООО \"Русский Цемент\"", "quantity": "463.00", "delivery_date": "2025-09-18T21:00:00Z", "status": "pending", "ttn_number": "", "ttn_image": "", "quality_certificate": "", "quality_certificate_image": "", "location": null, "spec_row": null, "received_by": ["foreman_1"], "notes": "OCR: Грунт плодородный сертифицированный", "ocr_recognized_data": null, "ocr_confidence": null, "manual_entry": false, "created_at": "2025-09-26T00:30:42.774Z", "updated_at": "2025-09-26T00:30:42.774Z"}}, {"model": "materials.materialdelivery", "pk": 14, "fields": {"project": 1, "material_type": 9, "supplier": "Обрабатывается...", "quantity": "1.00", "delivery_date": "2025-09-26T14:00:33.963Z", "status": "pending", "ttn_number": "OCR-20250926-140033", "ttn_image": "", "quality_certificate": "", "quality_certificate_image": "", "location": null, "spec_row": null, "received_by": ["test_ocr_user"], "notes": "", "ocr_recognized_data": null, "ocr_confidence": null, "manual_entry": false, "created_at": "2025-09-26T14:00:33.963Z", "updated_at": "2025-09-26T14:00:33.963Z"}}, {"model": "materials.materialdelivery", "pk": 15, "fields": {"project": 1, "material_type": 9, "supplier": "Обрабатывается...", "quantity": "1.00", "delivery_date": "2025-09-26T14:02:25.140Z", "status": "pending", "ttn_number": "OCR-20250926-140225", "ttn_image": "", "quality_certificate": "", "quality_certificate_image": "", "location": null, "spec_row": null, "received_by": ["test_ocr_user"], "notes": "", "ocr_recognized_data": null, "ocr_confidence": null, "manual_entry": false, "created_at": "2025-09-26T14:02:25.140Z", "updated_at": "2025-09-26T14:02:25.140Z"}}, {"model": "materials.materialdelivery", "pk": 16, "fields": {"project": 1, "material_type": 1, "supplier": "ГБУ города Москвы Автомобильные дороги", "quantity": "198.00", "delivery_date": "2024-06-09T21:00:00Z", "status": "pending", "ttn_number": "", "ttn_image": "", "quality_certificate": "", "quality_certificate_image": "", "location": null, "spec_row": null, "received_by": ["foreman_1"], "notes": "OCR: Бортовой камень 1000х1300х1150, 198 шт", "ocr_recognized_data": null, "ocr_confidence": null, "manual_entry": false, "created_at": "2025-09-28T21:29:15.755Z", "updated_at": "2025-09-28T21:29:15.755Z"}}, {"model": "materials.materialdelivery", "pk": 17, "fields": {"project": 5, "material_type": 6, "supplier": "1", "quantity": "1.00", "delivery_date": "2025-09-28T21:36:00Z", "status": "delivered", "ttn_number": "TTN-20250928-213639", "ttn_image": "", "quality_certificate": "", "quality_certificate_image": "", "location": null, "spec_row": null, "received_by": ["foreman_1"], "notes": "", "ocr_recognized_data": null, "ocr_confidence": null, "manual_entry": true, "created_at": "2025-09-28T21:36:39.779Z", "updated_at": "2025-09-28T21:36:39.779Z"}}, {"model": "materials.materialdelivery", "pk": 18, "fields": {"project": 1, "material_type": 1, "supplier": "ГБУ города Москвы Автомобильные дороги", "quantity": "198.00", "delivery_date": "2024-06-09T21:00:00Z", "status": "pending", "ttn_number": "", "ttn_image": "", "quality_certificate": "", "quality_certificate_image": "", "location": null, "spec_row": null, "received_by": ["foreman_1"], "notes": "OCR: Бортовой камень 1000х1300х1150, 198 шт", "ocr_recognized_data": null, "ocr_confidence": null, "manual_entry": false, "created_at": "2025-09-28T21:39:29.179Z", "updated_at": "2025-09-28T21:39:29.179Z"}}, {"model": "materials.materialdelivery", "pk": 19, "fields": {"project": 1, "material_type": 1, "supplier": "ГБУ города Москвы Автомобильные дороги", "quantity": "198.00", "delivery_date": "2024-06-09T21:00:00Z", "status": "pending", "ttn_number": "", "ttn_image": "", "quality_certificate": "", "quality_certificate_image": "", "location": null, "spec_row": null, "received_by": ["foreman_1"], "notes": "OCR: Бортовой камень 1000х1300х1150, 198 шт", "ocr_recognized_data": null, "ocr_confidence": null, "manual_entry": false, "created_at": "2025-09-28T21:46:08.964Z", "updated_at": "2025-09-28T21:46:08.964Z"}}, {"model": "materials.materialdelivery", "pk": 20, "fields": {"project": 1, "material_type": 1, "supplier": "ГБУ города Москвы Автомобильные дороги", "quantity": "198.00", "delivery_date": "2024-06-09T21:00:00Z", "status": "pending", "ttn_number": "", "ttn_image": "", "quality_certificate": "", "quality_certificate_image": "", "location": null, "spec_row": null, "received_by": ["foreman_1"], "notes": "OCR: Бортовой камень 1000х1300х1150, 198 шт", "ocr_recognized_data": null, "ocr_confidence": null, "manual_entry": false, "created_at": "2025-09-28T22:01:36.589Z", "updated_at": "2025-09-28T22:01:36.589Z"}}, {"model": "materials.materialdelivery", "pk": 21, "fields": {"project": 5, "material_type": 8, "supplier": "1", "quantity": "1.00", "delivery_date": "2025-09-28T22:02:00Z", "status": "delivered", "ttn_number": "1", "ttn_image": "", "quality_certificate": "", "quality_certificate_image": "", "location": null, "spec_row": null, "received_by": ["foreman_1"], "notes": "", "ocr_recognized_data": null, "ocr_confidence": null, "manual_entry": true, "created_at": "2025-09-28T22:02:36.823Z", "updated_at": "2025-09-28T22:02:36.823Z"}}, {"model": "materials.materialdelivery", "pk": 22, "fields": {"project": 1, "material_type": 1, "supplier": "ГБУ города Москвы Автомобильные дороги", "quantity": "198.00", "delivery_date": "2024-06-09T21:00:00Z", "status": "pending", "ttn_number": "", "ttn_image": "", "quality_certificate": "", "quality_certificate_image": "", "location": null, "spec_row": null, "received_by": ["foreman_1"], "notes": "OCR: Бортовой камень 1000х1300х1150, 198 шт", "ocr_recognized_data": null, "ocr_confidence": null, "manual_entry": false, "created_at": "2025-09-28T22:03:16.696Z", "updated_at": "2025-09-28T22:03:16.696Z"}}, {"model": "materials.materialdelivery", "pk": 23, "fields": {"project": 1, "material_type": 1, "supplier": "ГБУ города Москвы Автомобильные дороги", "quantity": "198.00", "delivery_date": "2024-06-09T21:00:00Z", "status": "pending", "ttn_number": "", "ttn_image": "", "quality_certificate": "", "quality_certificate_image": "", "location": null, "spec_row": null, "received_by": ["foreman_2"], "notes": "OCR: Бортовой камень 1000х1300х1150, 198 шт", "ocr_recognized_data": null, "ocr_confidence": null, "manual_entry": false, "created_at": "2025-09-28T22:07:05.435Z", "updated_at": "2025-09-28T22:07:05.435Z"}}, {"model": "materials.materialdelivery", "pk": 24, "fields": {"project": 1, "material_type": 1, "supplier": "ГБУ города Москвы Автомобильные дороги", "quantity": "198.00", "delivery_date": "2024-06-09T21:00:00Z", "status": "pending", "ttn_number": "", "ttn_image": "", "quality_certificate": "", "quality_certificate_image": "", "location": null, "spec_row": null, "received_by": ["foreman_1"], "notes": "OCR: Бортовой камень 1000х1300х1150, 198 шт", "ocr_recognized_data": null, "ocr_confidence": null, "manual_entry": false, "created_at": "2025-09-28T22:09:19.297Z", "updated_at": "2025-09-28T22:09:19.297Z"}}, {"model": "materials.materialdelivery", "pk": 25, "fields": {"project": 1, "material_type": 1, "supplier": "ООО API-Тест", "quantity": "42.50", "delivery_date": "2024-01-14T21:00:00Z", "status": "pending", "ttn_number": "", "ttn_image": "", "quality_certificate": "", "quality_certificate_image": "", "location": null, "spec_row": null, "received_by": ["test_ocr_user"], "notes": "OCR: Тест через API", "ocr_recognized_data": null, "ocr_confidence": null, "manual_entry": false, "created_at": "2025-09-28T22:12:29.680Z", "updated_at": "2025-09-28T22:12:29.680Z"}}, {"model": "materials.materialdelivery", "pk": 26, "fields": {"project": 1, "material_type": 1, "supplier": "ГБУ города Москвы Автомобильные дороги", "quantity": "198.00", "delivery_date": "2024-06-09T21:00:00Z", "status": "pending", "ttn_number": "", "ttn_image": "", "quality_certificate": "", "quality_certificate_image": "", "location": null, "spec_row": null, "received_by": ["foreman_1"], "notes": "OCR: Бортовой камень 1000х1300х1150, 198 шт", "ocr_recognized_data": null, "ocr_confidence": null, "manual_entry": false, "created_at": "2025-09-28T22:13:44.476Z", "updated_at": "2025-09-28T22:13:44.476Z"}}, {"model": "materials.materialdelivery", "pk": 27, "fields": {"project": 1, "material_type": 1, "supplier": "ГБУ города Москвы Автомобильные дороги", "quantity": "198.00", "delivery_date": "2024-06-09T21:00:00Z", "status": "pending", "ttn_number": "", "ttn_image": "", "quality_certificate": "", "quality_certificate_image": "", "location": null, "spec_row": null, "received_by": ["foreman_1"], "notes": "OCR: Бортовой камень 1000х1300х1150, 198 шт", "ocr_recognized_data": null, "ocr_confidence": null, "manual_entry": false, "created_at": "2025-09-28T22:13:45.630Z", "updated_at": "2025-09-28T22:13:45.630Z"}}, {"model": "materials.materialdelivery", "pk": 28, "fields": {"project": 1, "material_type": 1, "supplier": "ООО Финальный Тест", "quantity": "77.70", "delivery_date": "2024-02-29T21:00:00Z", "status": "pending", "ttn_number": "", "ttn_image": "", "quality_certificate": "", "quality_certificate_image": "", "location": null, "spec_row": null, "received_by": ["test_ocr_user"], "notes": "OCR: Финальная проверка", "ocr_recognized_data": null, "ocr_confidence": null, "manual_entry": false, "created_at": "2025-09-28T22:13:59.007Z", "updated_at": "2025-09-28T22:13:59.007Z"}}, {"model": "materials.materialdelivery", "pk": 29, "fields": {"project": 2, "material_type": 2, "supplier": "ООО Тест с выбором проекта", "quantity": "50.00", "delivery_date": "2024-03-31T21:00:00Z", "status": "pending", "ttn_number": "", "ttn_image": "", "quality_certificate": "", "quality_certificate_image": "", "location": null, "spec_row": null, "received_by": ["test_ocr_user"], "notes": "OCR: Тест с выбранным проектом и материалом", "ocr_recognized_data": null, "ocr_confidence": null, "manual_entry": false, "created_at": "2025-09-28T22:17:23.595Z", "updated_at": "2025-09-28T22:17:23.595Z"}}, {"model": "materials.materialdelivery", "pk": 30, "fields": {"project": 2, "material_type": 5, "supplier": "ГБУ города Москвы Автомобильные дороги", "quantity": "198.00", "delivery_date": "2024-06-09T21:00:00Z", "status": "pending", "ttn_number": "", "ttn_image": "", "quality_certificate": "", "quality_certificate_image": "", "location": null, "spec_row": null, "received_by": ["foreman_1"], "notes": "OCR: Бортовой камень 1000х1300х1150, 198 шт", "ocr_recognized_data": null, "ocr_confidence": null, "manual_entry": false, "created_at": "2025-09-28T22:17:35.958Z", "updated_at": "2025-09-28T22:17:35.958Z"}}, {"model": "materials.materialdelivery", "pk": 31, "fields": {"project": 1, "material_type": 2, "supplier": "ГБУ города Москвы Автомобильные дороги", "quantity": "198.00", "delivery_date": "2024-06-09T21:00:00Z", "status": "pending", "ttn_number": "", "ttn_image": "", "quality_certificate": "", "quality_certificate_image": "", "location": null, "spec_row": null, "received_by": ["foreman_1"], "notes": "OCR: Бортовой камень 1000х1300х1150, 198 шт", "ocr_recognized_data": null, "ocr_confidence": null, "manual_entry": false, "created_at": "2025-09-28T22:19:17.018Z", "updated_at": "2025-09-28T22:19:17.018Z"}}, {"model": "materials.materialdelivery", "pk": 32, "fields": {"project": 1, "material_type": 6, "supplier": "ГБУ города Москвы Автомобильные дороги", "quantity": "198.00", "delivery_date": "2024-06-09T21:00:00Z", "status": "pending", "ttn_number": "", "ttn_image": "", "quality_certificate": "", "quality_certificate_image": "", "location": null, "spec_row": null, "received_by": ["foreman_1"], "notes": "OCR: Бортовой камень 1000х1300х1150, 198 шт", "ocr_recognized_data": null, "ocr_confidence": null, "manual_entry": false, "created_at": "2025-09-28T22:20:14.279Z", "updated_at": "2025-09-28T22:20:14.279Z"}}, {"model": "materials.materialdelivery", "pk": 33, "fields": {"project": 1, "material_type": 6, "supplier": "ГБУ города Москвы Автомобильные дороги", "quantity": "198.00", "delivery_date": "2024-06-09T21:00:00Z", "status": "pending", "ttn_number": "", "ttn_image": "", "quality_certificate": "", "quality_certificate_image": "", "location": null, "spec_row": null, "received_by": ["foreman_1"], "notes": "OCR: Бортовой камень 1000х1300х1150, 198 шт", "ocr_recognized_data": null, "ocr_confidence": null, "manual_entry": false, "created_at": "2025-09-28T22:25:00.370Z", "updated_at": "2025-09-28T22:25:00.370Z"}}, {"model": "materials.materialdelivery", "pk": 34, "fields": {"project": 1, "material_type": 1, "supplier": "Тест поставщик API", "quantity": "100.00", "delivery_date": "2024-12-28T21:00:00Z", "status": "pending", "ttn_number": "", "ttn_image": "", "quality_certificate": "", "quality_certificate_image": "", "location": null, "spec_row": null, "received_by": ["test_ocr_user"], "notes": "OCR: Тестовая поставка для диагностики", "ocr_recognized_data": null, "ocr_confidence": null, "manual_entry": false, "created_at": "2025-09-28T22:28:19.707Z", "updated_at": "2025-09-28T22:28:19.707Z"}}, {"model": "materials.materialdelivery", "pk": 35, "fields": {"project": 1, "material_type": 6, "supplier": "ГБУ города Москвы Автомобильные дороги", "quantity": "198.00", "delivery_date": "2024-06-09T21:00:00Z", "status": "pending", "ttn_number": "", "ttn_image": "", "quality_certificate": "", "quality_certificate_image": "", "location": null, "spec_row": null, "received_by": ["foreman_1"], "notes": "OCR: Бортовой камень 1000х1300х1150, 198 шт", "ocr_recognized_data": null, "ocr_confidence": null, "manual_entry": false, "created_at": "2025-09-28T22:31:44.475Z", "updated_at": "2025-09-28T22:31:44.475Z"}}, {"model": "materials.materialdelivery", "pk": 36, "fields": {"project": 2, "material_type": 2, "supplier": "ООО ТЕСТ OCR ДИАГНОСТИКА", "quantity": "75.50", "delivery_date": "2025-09-28T21:00:00Z", "status": "pending", "ttn_number": "", "ttn_image": "", "quality_certificate": "", "quality_certificate_image": "", "location": null, "spec_row": null, "received_by": ["test_ocr_user"], "notes": "OCR: Тест создания через OCR API для диагностики", "ocr_recognized_data": null, "ocr_confidence": null, "manual_entry": false, "created_at": "2025-09-28T22:34:30.483Z", "updated_at": "2025-09-28T22:34:30.483Z"}}, {"model": "materials.materialdelivery", "pk": 37, "fields": {"project": 1, "material_type": 3, "supplier": "ООО ИТОГОВЫЙ ТЕСТ ПОСЛЕ ИСПРАВЛЕНИЯ", "quantity": "33.30", "delivery_date": "2025-09-28T21:00:00Z", "status": "pending", "ttn_number": "", "ttn_image": "", "quality_certificate": "", "quality_certificate_image": "", "location": null, "spec_row": null, "received_by": ["test_ocr_user"], "notes": "OCR: Финальный тест после исправления API", "ocr_recognized_data": null, "ocr_confidence": null, "manual_entry": false, "created_at": "2025-09-28T22:38:29.314Z", "updated_at": "2025-09-28T22:38:29.314Z"}}, {"model": "materials.materialdelivery", "pk": 38, "fields": {"project": 1, "material_type": 6, "supplier": "ГБУ города Москвы Автомобильные дороги", "quantity": "198.00", "delivery_date": "2024-06-09T21:00:00Z", "status": "pending", "ttn_number": "", "ttn_image": "", "quality_certificate": "", "quality_certificate_image": "", "location": null, "spec_row": null, "received_by": ["foreman_1"], "notes": "OCR: Бортовой камень 1000х1300х1150, 198 шт", "ocr_recognized_data": null, "ocr_confidence": null, "manual_entry": false, "created_at": "2025-09-28T22:39:47.701Z", "updated_at": "2025-09-28T22:39:47.701Z"}}, {"model": "materials.materialdelivery", "pk": 39, "fields": {"project": 1, "material_type": 6, "supplier": "ГБУ города Москвы Автомобильные дороги", "quantity": "198.00", "delivery_date": "2024-06-09T21:00:00Z", "status": "pending", "ttn_number": "", "ttn_image": "", "quality_certificate": "", "quality_certificate_image": "", "location": null, "spec_row": null, "received_by": ["foreman_1"], "notes": "OCR: Бортовой камень 1000х1300х1150, 198 шт", "ocr_recognized_data": null, "ocr_confidence": null, "manual_entry": false, "created_at": "2025-09-28T22:41:08.689Z", "updated_at": "2025-09-28T22:41:08.689Z"}}, {"model": "materials.materialdelivery", "pk": 40, "fields": {"project": 5, "material_type": 6, "supplier": "ГБУ города Москвы Автомобильные дороги", "quantity": "198.00", "delivery_date": "2024-06-09T21:00:00Z", "status": "pending", "ttn_number": "", "ttn_image": "", "quality_certificate": "", "quality_certificate_image": "", "location": null, "spec_row": null, "received_by": ["foreman_1"], "notes": "OCR: Бортовой камень 1000х1300х1150, 198 шт", "ocr_recognized_data": null, "ocr_confidence": null, "manual_entry": false, "created_at": "2025-09-28T22:42:04.174Z", "updated_at": "2025-09-28T22:42:04.174Z"}}, {"model": "materials.materialdelivery", "pk": 41, "fields": {"project": 3, "material_type": 6, "supplier": "ГБУ города Москвы Автомобильные дороги", "quantity": "198.00", "delivery_date": "2025-09-28T21:00:00Z", "status": "pending", "ttn_number": "", "ttn_image": "", "quality_certificate": "", "quality_certificate_image": "", "location": null, "spec_row": null, "received_by": ["foreman_1"], "notes": "OCR: Бортовой камень 1000х1300х1150, 198 шт", "ocr_recognized_data": null, "ocr_confidence": null, "manual_entry": false, "created_at": "2025-09-28T22:43:31.504Z", "updated_at": "2025-09-28T22:43:31.504Z"}}, {"model": "materials.transportdocument", "pk": 1, "fields": {"delivery": 13, "project": null, "document_number": "ТТН-2025-257475", "document_date": "2025-09-19", "sender_name": "ООО \"Русский Цемент\"", "sender_address": "", "sender_inn": "", "receiver_name": "Проект благоустройства: Бестужевых 27", "receiver_address": "", "receiver_inn": "", "vehicle_number": "A253TK77", "driver_name": "Козлов Дмитрий Викторович", "driver_license_number": "", "cargo_description": "Грунт плодородный сертифицированный", "cargo_weight": "555600.00", "cargo_volume": null, "packages_count": null, "processing_status": "uploaded", "ocr_confidence": null, "manual_verification_required": false, "created_at": "2025-09-26T00:30:42.775Z", "updated_at": "2025-09-26T00:30:42.776Z", "processed_by": null}}, {"model": "materials.transportdocument", "pk": 2, "fields": {"delivery": 14, "project": null, "document_number": "Обрабатывается", "document_date": "2025-09-26", "sender_name": "Обрабатывается", "sender_address": "Обрабатывается", "sender_inn": "", "receiver_name": "Обрабатывается", "receiver_address": "Обрабатывается", "receiver_inn": "", "vehicle_number": "", "driver_name": "", "driver_license_number": "", "cargo_description": "Обрабатывается", "cargo_weight": null, "cargo_volume": null, "packages_count": null, "processing_status": "uploaded", "ocr_confidence": null, "manual_verification_required": false, "created_at": "2025-09-26T14:00:33.966Z", "updated_at": "2025-09-26T14:00:33.966Z", "processed_by": ["test_ocr_user"]}}, {"model": "materials.transportdocument", "pk": 3, "fields": {"delivery": 15, "project": null, "document_number": "Обрабатывается", "document_date": "2025-09-26", "sender_name": "Обрабатывается", "sender_address": "Обрабатывается", "sender_inn": "", "receiver_name": "Обрабатывается", "receiver_address": "Обрабатывается", "receiver_inn": "", "vehicle_number": "", "driver_name": "", "driver_license_number": "", "cargo_description": "Обрабатывается", "cargo_weight": null, "cargo_volume": null, "packages_count": null, "processing_status": "uploaded", "ocr_confidence": null, "manual_verification_required": false, "created_at": "2025-09-26T14:02:25.142Z", "updated_at": "2025-09-26T14:02:25.142Z", "processed_by": ["test_ocr_user"]}}, {"model": "materials.transportdocument", "pk": 4, "fields": {"delivery": 16, "project": null, "document_number": "18674/Е", "document_date": "2024-06-10", "sender_name": "ГБУ города Москвы Автомобильные дороги", "sender_address": "", "sender_inn": "", "receiver_name": "Проект благоустройства: Бестужевых 27", "receiver_address": "", "receiver_inn": "", "vehicle_number": "М777ММ177", "driver_name": "Иванов Иван Иванович", "driver_license_number": "", "cargo_description": "Бортовой камень 1000х1300х1150, 198 шт", "cargo_weight": "19463.00", "cargo_volume": null, "packages_count": null, "processing_status": "uploaded", "ocr_confidence": null, "manual_verification_required": false, "created_at": "2025-09-28T21:29:15.756Z", "updated_at": "2025-09-28T21:29:15.757Z", "processed_by": null}}, {"model": "materials.transportdocument", "pk": 5, "fields": {"delivery": 18, "project": null, "document_number": "18674/Е", "document_date": "2024-06-10", "sender_name": "ГБУ города Москвы Автомобильные дороги", "sender_address": "", "sender_inn": "", "receiver_name": "Проект благоустройства: Бестужевых 27", "receiver_address": "", "receiver_inn": "", "vehicle_number": "М777ММ177", "driver_name": "Иванов Иван Иванович", "driver_license_number": "", "cargo_description": "Бортовой камень 1000х1300х1150, 198 шт", "cargo_weight": "19463.00", "cargo_volume": null, "packages_count": null, "processing_status": "uploaded", "ocr_confidence": null, "manual_verification_required": false, "created_at": "2025-09-28T21:39:29.182Z", "updated_at": "2025-09-28T21:39:29.183Z", "processed_by": null}}, {"model": "materials.transportdocument", "pk": 6, "fields": {"delivery": 19, "project": null, "document_number": "18674/Е", "document_date": "2024-06-10", "sender_name": "ГБУ города Москвы Автомобильные дороги", "sender_address": "", "sender_inn": "", "receiver_name": "Проект благоустройства: Бестужевых 27", "receiver_address": "", "receiver_inn": "", "vehicle_number": "М777ММ177", "driver_name": "Иванов Иван Иванович", "driver_license_number": "", "cargo_description": "Бортовой камень 1000х1300х1150, 198 шт", "cargo_weight": "19463.00", "cargo_volume": null, "packages_count": null, "processing_status": "uploaded", "ocr_confidence": null, "manual_verification_required": false, "created_at": "2025-09-28T21:46:08.966Z", "updated_at": "2025-09-28T21:46:08.967Z", "processed_by": null}}, {"model": "materials.transportdocument", "pk": 7, "fields": {"delivery": 20, "project": null, "document_number": "18674/Е", "document_date": "2024-06-10", "sender_name": "ГБУ города Москвы Автомобильные дороги", "sender_address": "", "sender_inn": "", "receiver_name": "Проект благоустройства: Бестужевых 27", "receiver_address": "", "receiver_inn": "", "vehicle_number": "М777ММ177", "driver_name": "Иванов Иван Иванович", "driver_license_number": "", "cargo_description": "Бортовой камень 1000х1300х1150, 198 шт", "cargo_weight": "19463.00", "cargo_volume": null, "packages_count": null, "processing_status": "uploaded", "ocr_confidence": null, "manual_verification_required": false, "created_at": "2025-09-28T22:01:36.591Z", "updated_at": "2025-09-28T22:01:36.592Z", "processed_by": null}}, {"model": "materials.transportdocument", "pk": 8, "fields": {"delivery": 22, "project": null, "document_number": "18674/Е", "document_date": "2024-06-10", "sender_name": "ГБУ города Москвы Автомобильные дороги", "sender_address": "", "sender_inn": "", "receiver_name": "Проект благоустройства: Бестужевых 27", "receiver_address": "", "receiver_inn": "", "vehicle_number": "М777ММ177", "driver_name": "Иванов Иван Иванович", "driver_license_number": "", "cargo_description": "Бортовой камень 1000х1300х1150, 198 шт", "cargo_weight": "19463.00", "cargo_volume": null, "packages_count": null, "processing_status": "uploaded", "ocr_confidence": null, "manual_verification_required": false, "created_at": "2025-09-28T22:03:16.697Z", "updated_at": "2025-09-28T22:03:16.698Z", "processed_by": null}}, {"model": "materials.transportdocument", "pk": 9, "fields": {"delivery": 23, "project": null, "document_number": "18674/Е", "document_date": "2024-06-10", "sender_name": "ГБУ города Москвы Автомобильные дороги", "sender_address": "", "sender_inn": "", "receiver_name": "Проект благоустройства: Бестужевых 27", "receiver_address": "", "receiver_inn": "", "vehicle_number": "М777ММ177", "driver_name": "Иванов Иван Иванович", "driver_license_number": "", "cargo_description": "Бортовой камень 1000х1300х1150, 198 шт", "cargo_weight": "19463.00", "cargo_volume": null, "packages_count": null, "processing_status": "uploaded", "ocr_confidence": null, "manual_verification_required": false, "created_at": "2025-09-28T22:07:05.436Z", "updated_at": "2025-09-28T22:07:05.437Z", "processed_by": null}}, {"model": "materials.transportdocument", "pk": 10, "fields": {"delivery": 24, "project": null, "document_number": "18674/Е", "document_date": "2024-06-10", "sender_name": "ГБУ города Москвы Автомобильные дороги", "sender_address": "", "sender_inn": "", "receiver_name": "Проект благоустройства: Бестужевых 27", "receiver_address": "", "receiver_inn": "", "vehicle_number": "М777ММ177", "driver_name": "Иванов Иван Иванович", "driver_license_number": "", "cargo_description": "Бортовой камень 1000х1300х1150, 198 шт", "cargo_weight": "19463.00", "cargo_volume": null, "packages_count": null, "processing_status": "uploaded", "ocr_confidence": null, "manual_verification_required": false, "created_at": "2025-09-28T22:09:19.298Z", "updated_at": "2025-09-28T22:09:19.298Z", "processed_by": null}}, {"model": "materials.transportdocument", "pk": 11, "fields": {"delivery": 26, "project": null, "document_number": "18674/Е", "document_date": "2024-06-10", "sender_name": "ГБУ города Москвы Автомобильные дороги", "sender_address": "", "sender_inn": "", "receiver_name": "Проект благоустройства: Бестужевых 27", "receiver_address": "", "receiver_inn": "", "vehicle_number": "М777ММ177", "driver_name": "Иванов Иван Иванович", "driver_license_number": "", "cargo_description": "Бортовой камень 1000х1300х1150, 198 шт", "cargo_weight": "19463.00", "cargo_volume": null, "packages_count": null, "processing_status": "uploaded", "ocr_confidence": null, "manual_verification_required": false, "created_at": "2025-09-28T22:13:44.478Z", "updated_at": "2025-09-28T22:13:44.480Z", "processed_by": null}}, {"model": "materials.transportdocument", "pk": 12, "fields": {"delivery": 27, "project": null, "document_number": "18674/Е", "document_date": "2024-06-10", "sender_name": "ГБУ города Москвы Автомобильные дороги", "sender_address": "", "sender_inn": "", "receiver_name": "Проект благоустройства: Бестужевых 27", "receiver_address": "", "receiver_inn": "", "vehicle_number": "М777ММ177", "driver_name": "Иванов Иван Иванович", "driver_license_number": "", "cargo_description": "Бортовой камень 1000х1300х1150, 198 шт", "cargo_weight": "19463.00", "cargo_volume": null, "packages_count": null, "processing_status": "uploaded", "ocr_confidence": null, "manual_verification_required": false, "created_at": "2025-09-28T22:13:45.631Z", "updated_at": "2025-09-28T22:13:45.633Z", "processed_by": null}}, {"model": "materials.transportdocument", "pk": 13, "fields": {"delivery": 30, "project": null, "document_number": "18674/Е", "document_date": "2024-06-10", "sender_name": "ГБУ города Москвы Автомобильные дороги", "sender_address": "", "sender_inn": "", "receiver_name": "Проект благоустройства: Каргопольская 18", "receiver_address": "", "receiver_inn": "", "vehicle_number": "М777ММ177", "driver_name": "Иванов Иван Иванович", "driver_license_number": "", "cargo_description": "Бортовой камень 1000х1300х1150, 198 шт", "cargo_weight": "19463.00", "cargo_volume": null, "packages_count": null, "processing_status": "uploaded", "ocr_confidence": null, "manual_verification_required": false, "created_at": "2025-09-28T22:17:35.959Z", "updated_at": "2025-09-28T22:17:35.959Z", "processed_by": null}}, {"model": "materials.transportdocument", "pk": 14, "fields": {"delivery": 31, "project": null, "document_number": "18674/Е", "document_date": "2024-06-10", "sender_name": "ГБУ города Москвы Автомобильные дороги", "sender_address": "", "sender_inn": "", "receiver_name": "Проект благоустройства: Бестужевых 27", "receiver_address": "", "receiver_inn": "", "vehicle_number": "М777ММ177", "driver_name": "Иванов Иван Иванович", "driver_license_number": "", "cargo_description": "Бортовой камень 1000х1300х1150, 198 шт", "cargo_weight": "19463.00", "cargo_volume": null, "packages_count": null, "processing_status": "uploaded", "ocr_confidence": null, "manual_verification_required": false, "created_at": "2025-09-28T22:19:17.019Z", "updated_at": "2025-09-28T22:19:17.020Z", "processed_by": null}}, {"model": "materials.transportdocument", "pk": 15, "fields": {"delivery": 32, "project": null, "document_number": "18674/Е", "document_date": "2024-06-10", "sender_name": "ГБУ города Москвы Автомобильные дороги", "sender_address": "", "sender_inn": "", "receiver_name": "Проект благоустройства: Бестужевых 27", "receiver_address": "", "receiver_inn": "", "vehicle_number": "М777ММ177", "driver_name": "Иванов Иван Иванович", "driver_license_number": "", "cargo_description": "Бортовой камень 1000х1300х1150, 198 шт", "cargo_weight": "19463.00", "cargo_volume": null, "packages_count": null, "processing_status": "uploaded", "ocr_confidence": null, "manual_verification_required": false, "created_at": "2025-09-28T22:20:14.281Z", "updated_at": "2025-09-28T22:20:14.282Z", "processed_by": null}}, {"model": "materials.transportdocument", "pk": 16, "fields": {"delivery": 33, "project": null, "document_number": "18674/Е", "document_date": "2024-06-10", "sender_name": "ГБУ города Москвы Автомобильные дороги", "sender_address": "", "sender_inn": "", "receiver_name": "Проект благоустройства: Бестужевых 27", "receiver_address": "", "receiver_inn": "", "vehicle_number": "М777ММ177", "driver_name": "Иванов Иван Иванович", "driver_license_number": "", "cargo_description": "Бортовой камень 1000х1300х1150, 198 шт", "cargo_weight": "19463.00", "cargo_volume": null, "packages_count": null, "processing_status": "uploaded", "ocr_confidence": null, "manual_verification_required": false, "created_at": "2025-09-28T22:25:00.371Z", "updated_at": "2025-09-28T22:25:00.372Z", "processed_by": null}}, {"model": "materials.transportdocument", "pk": 17, "fields": {"delivery": 35, "project": null, "document_number": "18674/Е", "document_date": "2024-06-10", "sender_name": "ГБУ города Москвы Автомобильные дороги", "sender_address": "", "sender_inn": "", "receiver_name": "Проект благоустройства: Бестужевых 27", "receiver_address": "", "receiver_inn": "", "vehicle_number": "М777ММ177", "driver_name": "Иванов Иван Иванович", "driver_license_number": "", "cargo_description": "Бортовой камень 1000х1300х1150, 198 шт", "cargo_weight": "19463.00", "cargo_volume": null, "packages_count": null, "processing_status": "uploaded", "ocr_confidence": null, "manual_verification_required": false, "created_at": "2025-09-28T22:31:44.476Z", "updated_at": "2025-09-28T22:31:44.477Z", "processed_by": null}}, {"model": "materials.transportdocument", "pk": 18, "fields": {"delivery": 36, "project": null, "document_number": "TEST-OCR-2025", "document_date": "2025-09-29", "sender_name": "ООО ТЕСТ OCR ДИАГНОСТИКА", "sender_address": "", "sender_inn": "", "receiver_name": "Проект благоустройства: Каргопольская 18", "receiver_address": "", "receiver_inn": "", "vehicle_number": "А123БВ123", "driver_name": "Тестовый Водитель", "driver_license_number": "", "cargo_description": "Тест создания через OCR API для диагностики", "cargo_weight": "75500.00", "cargo_volume": null, "packages_count": null, "processing_status": "uploaded", "ocr_confidence": null, "manual_verification_required": false, "created_at": "2025-09-28T22:34:30.484Z", "updated_at": "2025-09-28T22:34:30.484Z", "processed_by": null}}, {"model": "materials.transportdocument", "pk": 19, "fields": {"delivery": 37, "project": null, "document_number": "FIXED-2025-001", "document_date": "2025-09-29", "sender_name": "ООО ИТОГОВЫЙ ТЕСТ ПОСЛЕ ИСПРАВЛЕНИЯ", "sender_address": "", "sender_inn": "", "receiver_name": "Проект благоустройства: Бестужевых 27", "receiver_address": "", "receiver_inn": "", "vehicle_number": "Не указано", "driver_name": "Не указано", "driver_license_number": "", "cargo_description": "Финальный тест после исправления API", "cargo_weight": null, "cargo_volume": null, "packages_count": null, "processing_status": "uploaded", "ocr_confidence": null, "manual_verification_required": false, "created_at": "2025-09-28T22:38:29.315Z", "updated_at": "2025-09-28T22:38:29.315Z", "processed_by": null}}, {"model": "materials.transportdocument", "pk": 20, "fields": {"delivery": 38, "project": null, "document_number": "18674/Е", "document_date": "2024-06-10", "sender_name": "ГБУ города Москвы Автомобильные дороги", "sender_address": "", "sender_inn": "", "receiver_name": "Проект благоустройства: Бестужевых 27", "receiver_address": "", "receiver_inn": "", "vehicle_number": "М777ММ177", "driver_name": "Иванов Иван Иванович", "driver_license_number": "", "cargo_description": "Бортовой камень 1000х1300х1150, 198 шт", "cargo_weight": "19463.00", "cargo_volume": null, "packages_count": null, "processing_status": "uploaded", "ocr_confidence": null, "manual_verification_required": false, "created_at": "2025-09-28T22:39:47.702Z", "updated_at": "2025-09-28T22:39:47.702Z", "processed_by": null}}, {"model": "materials.transportdocument", "pk": 21, "fields": {"delivery": 39, "project": null, "document_number": "18674/Е", "document_date": "2024-06-10", "sender_name": "ГБУ города Москвы Автомобильные дороги", "sender_address": "", "sender_inn": "", "receiver_name": "Проект благоустройства: Бестужевых 27", "receiver_address": "", "receiver_inn": "", "vehicle_number": "М777ММ177", "driver_name": "Иванов Иван Иванович", "driver_license_number": "", "cargo_description": "Бортовой камень 1000х1300х1150, 198 шт", "cargo_weight": "19463.00", "cargo_volume": null, "packages_count": null, "processing_status": "uploaded", "ocr_confidence": null, "manual_verification_required": false, "created_at": "2025-09-28T22:41:08.690Z", "updated_at": "2025-09-28T22:41:08.690Z", "processed_by": null}}, {"model": "materials.transportdocument", "pk": 22, "fields": {"delivery": 40, "project": null, "document_number": "18674/Е", "document_date": "2024-06-10", "sender_name": "ГБУ города Москвы Автомобильные дороги", "sender_address": "", "sender_inn": "", "receiver_name": "Проект благоустройства: Флотская 54,58к1", "receiver_address": "", "receiver_inn": "", "vehicle_number": "М777ММ177", "driver_name": "Иванов Иван Иванович", "driver_license_number": "", "cargo_description": "Бортовой камень 1000х1300х1150, 198 шт", "cargo_weight": "19463.00", "cargo_volume": null, "packages_count": null, "processing_status": "uploaded", "ocr_confidence": null, "manual_verification_required": false, "created_at": "2025-09-28T22:42:04.175Z", "updated_at": "2025-09-28T22:42:04.176Z", "processed_by": null}}, {"model": "materials.transportdocument", "pk": 23, "fields": {"delivery": 41, "project": null, "document_number": "18674/Е", "document_date": "2025-09-29", "sender_name": "ГБУ города Москвы Автомобильные дороги", "sender_address": "", "sender_inn": "", "receiver_name": "Проект благоустройства: Проспект Мира 194", "receiver_address": "", "receiver_inn": "", "vehicle_number": "М777ММ177", "driver_name": "Иванов Иван Иванович", "driver_license_number": "", "cargo_description": "Бортовой камень 1000х1300х1150, 198 шт", "cargo_weight": "19463.00", "cargo_volume": null, "packages_count": null, "processing_status": "uploaded", "ocr_confidence": null, "manual_verification_required": false, "created_at": "2025-09-28T22:43:31.505Z", "updated_at": "2025-09-28T22:43:31.505Z", "processed_by": null}}, {"model": "materials.documentphoto", "pk": 1, "fields": {"transport_document": 2, "photo_type": "ttn_main", "image": "transport_documents/2025/09/26/test_enhanced_ttn.png", "file_size": 37081, "image_width": 900, "image_height": 500, "file_type": "image", "pages_count": 1, "ocr_text": "", "ocr_confidence": null, "processing_status": "error", "processing_error": "API запрос неуспешен: статус 403", "uploaded_at": "2025-09-26T14:00:33.978Z", "processed_at": null, "uploaded_by": ["test_ocr_user"]}}, {"model": "materials.documentphoto", "pk": 2, "fields": {"transport_document": 3, "photo_type": "ttn_main", "image": "transport_documents/2025/09/26/test_enhanced_ttn_vapqaJV.png", "file_size": 37081, "image_width": 900, "image_height": 500, "file_type": "image", "pages_count": 1, "ocr_text": "", "ocr_confidence": null, "processing_status": "error", "processing_error": "API запрос неуспешен: статус 403", "uploaded_at": "2025-09-26T14:02:25.143Z", "processed_at": null, "uploaded_by": ["test_ocr_user"]}}, {"model": "violations.violationclassifier", "pk": 53, "fields": {"category": "Культура производства", "kind": "Устранимое", "type_name": "Грубое", "name": "Несвоевременный вывоз строительного мусора, более суток", "regulatory_deadline_days": 1, "is_active": true, "created_at": "2025-09-28T23:14:46.268Z", "updated_at": "2025-09-28T23:14:46.316Z"}}, {"model": "violations.violationclassifier", "pk": 54, "fields": {"category": "Культура производства", "kind": "Устранимое", "type_name": "Грубое", "name": "Нарушение места складирования строительного мусора", "regulatory_deadline_days": 1, "is_active": true, "created_at": "2025-09-28T23:14:46.269Z", "updated_at": "2025-09-28T23:14:46.269Z"}}, {"model": "violations.violationclassifier", "pk": 55, "fields": {"category": "Культура производства", "kind": "Устранимое", "type_name": "Грубое", "name": "Мусор в зоне производства работ", "regulatory_deadline_days": 1, "is_active": true, "created_at": "2025-09-28T23:14:46.270Z", "updated_at": "2025-09-28T23:14:46.270Z"}}, {"model": "violations.violationclassifier", "pk": 56, "fields": {"category": "Культура производства", "kind": "Устранимое", "type_name": "Грубое", "name": "Складирование скола асфальта более суток", "regulatory_deadline_days": 1, "is_active": true, "created_at": "2025-09-28T23:14:46.271Z", "updated_at": "2025-09-28T23:14:46.318Z"}}, {"model": "violations.violationclassifier", "pk": 57, "fields": {"category": "Культура производства", "kind": "Устранимое", "type_name": "Грубое", "name": "Нарушение места складирования строительного материала", "regulatory_deadline_days": 1, "is_active": true, "created_at": "2025-09-28T23:14:46.272Z", "updated_at": "2025-09-28T23:14:46.272Z"}}, {"model": "violations.violationclassifier", "pk": 58, "fields": {"category": "Культура производства", "kind": "Устранимое", "type_name": "Грубое", "name": "Складирование строительных материалов и отходов производства работ вне специально отведенных мест", "regulatory_deadline_days": 1, "is_active": true, "created_at": "2025-09-28T23:14:46.273Z", "updated_at": "2025-09-28T23:14:46.320Z"}}, {"model": "violations.violationclassifier", "pk": 59, "fields": {"category": "Культура производства", "kind": "Устранимое", "type_name": "Грубое", "name": "Не оборудованы пути прохода пешеходов (пешеходные галерии, настилы, перила, мостки)", "regulatory_deadline_days": 1, "is_active": true, "created_at": "2025-09-28T23:14:46.274Z", "updated_at": "2025-09-28T23:14:46.274Z"}}, {"model": "violations.violationclassifier", "pk": 60, "fields": {"category": "Культура производства", "kind": "Устранимое", "type_name": "Грубое", "name": "Не обеспечен безопасный проход пешеходов / проезд транспорта", "regulatory_deadline_days": 1, "is_active": true, "created_at": "2025-09-28T23:14:46.275Z", "updated_at": "2025-09-28T23:14:46.275Z"}}, {"model": "violations.violationclassifier", "pk": 61, "fields": {"category": "Культура производства", "kind": "Устранимое", "type_name": "Грубое", "name": "Отсутствуют ограждения мест производства работ", "regulatory_deadline_days": 1, "is_active": true, "created_at": "2025-09-28T23:14:46.276Z", "updated_at": "2025-09-28T23:14:46.276Z"}}, {"model": "violations.violationclassifier", "pk": 62, "fields": {"category": "Культура производства", "kind": "Устранимое", "type_name": "Грубое", "name": "Неудовлетворительный внешний вид ограждения", "regulatory_deadline_days": 1, "is_active": true, "created_at": "2025-09-28T23:14:46.277Z", "updated_at": "2025-09-28T23:14:46.277Z"}}, {"model": "violations.violationclassifier", "pk": 63, "fields": {"category": "Культура производства", "kind": "Устранимое", "type_name": "Грубое", "name": "Отсутствуют временные дорожные знаки/установлены не в полном объеме", "regulatory_deadline_days": 1, "is_active": true, "created_at": "2025-09-28T23:14:46.278Z", "updated_at": "2025-09-28T23:14:46.278Z"}}, {"model": "violations.violationclassifier", "pk": 64, "fields": {"category": "Культура производства", "kind": "Неустранимое", "type_name": "Простое", "name": "Выполнение работ без форменной одежды", "regulatory_deadline_days": null, "is_active": true, "created_at": "2025-09-28T23:14:46.279Z", "updated_at": "2025-09-28T23:14:46.279Z"}}, {"model": "violations.violationclassifier", "pk": 65, "fields": {"category": "Культура производства", "kind": "Устранимое", "type_name": "Грубое", "name": "Отсутствует аварийное освещение", "regulatory_deadline_days": 1, "is_active": true, "created_at": "2025-09-28T23:14:46.280Z", "updated_at": "2025-09-28T23:14:46.280Z"}}, {"model": "violations.violationclassifier", "pk": 66, "fields": {"category": "Культура производства", "kind": "Устранимое", "type_name": "Грубое", "name": "Вынос грязи на покрытие с объекта ремонта", "regulatory_deadline_days": 1, "is_active": true, "created_at": "2025-09-28T23:14:46.281Z", "updated_at": "2025-09-28T23:14:46.281Z"}}, {"model": "violations.violationclassifier", "pk": 67, "fields": {"category": "Культура производства", "kind": "Устранимое", "type_name": "Грубое", "name": "Не обеспечена защита стволов деревьев", "regulatory_deadline_days": 1, "is_active": true, "created_at": "2025-09-28T23:14:46.282Z", "updated_at": "2025-09-28T23:14:46.282Z"}}, {"model": "violations.violationclassifier", "pk": 68, "fields": {"category": "Культура производства", "kind": "Устранимое", "type_name": "Грубое", "name": "Доступ на детскую площадку не ограничен, при этом работы не завершены", "regulatory_deadline_days": 1, "is_active": true, "created_at": "2025-09-28T23:14:46.283Z", "updated_at": "2025-09-28T23:14:46.283Z"}}, {"model": "violations.violationclassifier", "pk": 69, "fields": {"category": "Документация", "kind": "Устранимое", "type_name": "Грубое", "name": "Отсутствует информационный щит", "regulatory_deadline_days": 1, "is_active": true, "created_at": "2025-09-28T23:14:46.284Z", "updated_at": "2025-09-28T23:14:46.284Z"}}, {"model": "violations.violationclassifier", "pk": 70, "fields": {"category": "Документация", "kind": "Устранимое", "type_name": "Грубое", "name": "Не корректная (не полная) информация на информационном щите", "regulatory_deadline_days": 1, "is_active": true, "created_at": "2025-09-28T23:14:46.285Z", "updated_at": "2025-09-28T23:14:46.285Z"}}, {"model": "violations.violationclassifier", "pk": 71, "fields": {"category": "Документация", "kind": "Устранимое", "type_name": "Грубое", "name": "Не удовлетворительное состояние информационного щита", "regulatory_deadline_days": 1, "is_active": true, "created_at": "2025-09-28T23:14:46.286Z", "updated_at": "2025-09-28T23:14:46.286Z"}}, {"model": "violations.violationclassifier", "pk": 72, "fields": {"category": "Документация", "kind": "Устранимое", "type_name": "Грубое", "name": "Отсутствует уведомление о начале производства работ", "regulatory_deadline_days": 1, "is_active": true, "created_at": "2025-09-28T23:14:46.287Z", "updated_at": "2025-09-28T23:14:46.287Z"}}, {"model": "violations.violationclassifier", "pk": 73, "fields": {"category": "Документация", "kind": "Устранимое", "type_name": "Простое", "name": "Отсутсвие документации на объекте (Журналы, Проект и т.д.)", "regulatory_deadline_days": 1, "is_active": true, "created_at": "2025-09-28T23:14:46.288Z", "updated_at": "2025-09-28T23:14:46.288Z"}}, {"model": "violations.violationclassifier", "pk": 74, "fields": {"category": "Документация", "kind": "Неустранимое", "type_name": "Простое", "name": "Отсутствие Rf-Id меток на игровом и спортивном оборудовании детских игровых и спортивных площадок", "regulatory_deadline_days": null, "is_active": true, "created_at": "2025-09-28T23:14:46.289Z", "updated_at": "2025-09-28T23:14:46.289Z"}}, {"model": "violations.violationclassifier", "pk": 75, "fields": {"category": "Технология производства", "kind": "Устранимое", "type_name": "Грубое", "name": "Установка поврежденного бортового камня", "regulatory_deadline_days": 5, "is_active": true, "created_at": "2025-09-28T23:14:46.290Z", "updated_at": "2025-09-28T23:14:46.290Z"}}, {"model": "violations.violationclassifier", "pk": 76, "fields": {"category": "Технология производства", "kind": "Неустранимое", "type_name": "Грубое", "name": "Укладка асфальтобетонной смеси при неблагоприятных погодных условиях", "regulatory_deadline_days": null, "is_active": true, "created_at": "2025-09-28T23:14:46.291Z", "updated_at": "2025-09-28T23:14:46.291Z"}}, {"model": "violations.violationclassifier", "pk": 77, "fields": {"category": "Технология производства", "kind": "Устранимое", "type_name": "Грубое", "name": "Нарушение технологии установки бортового камня: \n- Отсутствует песчаное/щебеночное основание;\n- Устройство бетонного замка без установки опалубки;\n- Установка бортового камня на неровное основания из бетона, наличие многочисленных пустот между бортовым камнем и основанием;\n- Отсутствие/разрушение бетонного замка.", "regulatory_deadline_days": 5, "is_active": true, "created_at": "2025-09-28T23:14:46.292Z", "updated_at": "2025-09-28T23:14:46.292Z"}}, {"model": "violations.violationclassifier", "pk": 78, "fields": {"category": "Технология укладки АБП", "kind": "Неустранимое", "type_name": "Грубое", "name": "Укладка асфальтобетонной смеси без разборки старого покрытия", "regulatory_deadline_days": null, "is_active": true, "created_at": "2025-09-28T23:14:46.293Z", "updated_at": "2025-09-28T23:14:46.293Z"}}, {"model": "violations.violationclassifier", "pk": 79, "fields": {"category": "Технология укладки АБП", "kind": "Устранимое", "type_name": "Грубое", "name": "Устройство слоёв оснований из материалов, не предусмотренных проектом", "regulatory_deadline_days": 5, "is_active": true, "created_at": "2025-09-28T23:14:46.294Z", "updated_at": "2025-09-28T23:14:46.294Z"}}, {"model": "violations.violationclassifier", "pk": 80, "fields": {"category": "Технология укладки АБП", "kind": "Устранимое", "type_name": "Грубое", "name": "Укладка асфальтобетонной смеси на покрытие проезжей части, не обработанное эмульсией", "regulatory_deadline_days": 1, "is_active": true, "created_at": "2025-09-28T23:14:46.295Z", "updated_at": "2025-09-28T23:14:46.295Z"}}, {"model": "violations.violationclassifier", "pk": 81, "fields": {"category": "Технология производства", "kind": "Устранимое", "type_name": "Грубое", "name": "Проезжая часть не очищена от остатков фрезерования асфальтобетона, пыли и грязи", "regulatory_deadline_days": 1, "is_active": true, "created_at": "2025-09-28T23:14:46.295Z", "updated_at": "2025-09-28T23:14:46.295Z"}}, {"model": "violations.violationclassifier", "pk": 82, "fields": {"category": "Технология производства", "kind": "Устранимое", "type_name": "Грубое", "name": "Не произведена установка ограждений или устранение ям, выбоин на отфрезерованном покрытии", "regulatory_deadline_days": 1, "is_active": true, "created_at": "2025-09-28T23:14:46.296Z", "updated_at": "2025-09-28T23:14:46.296Z"}}, {"model": "violations.violationclassifier", "pk": 83, "fields": {"category": "Технология производства", "kind": "Устранимое", "type_name": "Простое", "name": "Установка МАФ с дефектом", "regulatory_deadline_days": 5, "is_active": true, "created_at": "2025-09-28T23:14:46.297Z", "updated_at": "2025-09-28T23:14:46.297Z"}}, {"model": "violations.violationclassifier", "pk": 84, "fields": {"category": "Технология производства", "kind": "Устранимое", "type_name": "Простое", "name": "Нарушение проектных вертикальных и горизонтальных отметок плиточного покрытия", "regulatory_deadline_days": 5, "is_active": true, "created_at": "2025-09-28T23:14:46.298Z", "updated_at": "2025-09-28T23:14:46.298Z"}}, {"model": "violations.violationclassifier", "pk": 85, "fields": {"category": "Технология производства", "kind": "Устранимое", "type_name": "Простое", "name": "Разность высот между смежными камнями/плитами, рядом с желобами, рядом со встраиваемыми элементами и прилегающими покрытиями не соответствует регламенту", "regulatory_deadline_days": 5, "is_active": true, "created_at": "2025-09-28T23:14:46.299Z", "updated_at": "2025-09-28T23:14:46.299Z"}}, {"model": "violations.violationclassifier", "pk": 86, "fields": {"category": "Технология производства", "kind": "Устранимое", "type_name": "Простое", "name": "Не соблюдение ширины межплиточного шва", "regulatory_deadline_days": 5, "is_active": true, "created_at": "2025-09-28T23:14:46.299Z", "updated_at": "2025-09-28T23:14:46.299Z"}}, {"model": "violations.violationclassifier", "pk": 87, "fields": {"category": "Технология производства", "kind": "Устранимое", "type_name": "Простое", "name": "Нарушение технологии устройства плиточного мощения (не соблюдение толщины подстилающего) слоя", "regulatory_deadline_days": 5, "is_active": true, "created_at": "2025-09-28T23:14:46.300Z", "updated_at": "2025-09-28T23:14:46.300Z"}}, {"model": "violations.violationclassifier", "pk": 88, "fields": {"category": "Технология производства", "kind": "Устранимое", "type_name": "Простое", "name": "Межплиточные швы заполнены не на всю высоту", "regulatory_deadline_days": 5, "is_active": true, "created_at": "2025-09-28T23:14:46.301Z", "updated_at": "2025-09-28T23:14:46.301Z"}}, {"model": "violations.violationclassifier", "pk": 89, "fields": {"category": "Технология производства", "kind": "Устранимое", "type_name": "Простое", "name": "Не укреплена обочина проезжей части в местах отсутствия бортового камня", "regulatory_deadline_days": 5, "is_active": true, "created_at": "2025-09-28T23:14:46.302Z", "updated_at": "2025-09-28T23:14:46.302Z"}}, {"model": "violations.violationclassifier", "pk": 90, "fields": {"category": "Технология производства", "kind": "Устранимое", "type_name": "Грубое", "name": "Нарушение конструкции дорожной одежды (нарушение проектной высоты слоев дорожной одежды)", "regulatory_deadline_days": 5, "is_active": true, "created_at": "2025-09-28T23:14:46.303Z", "updated_at": "2025-09-28T23:14:46.303Z"}}, {"model": "violations.violationclassifier", "pk": 91, "fields": {"category": "Технология производства", "kind": "Устранимое", "type_name": "Простое", "name": "Отсутствует сигнальная лента при укладке электрокабеля", "regulatory_deadline_days": 5, "is_active": true, "created_at": "2025-09-28T23:14:46.304Z", "updated_at": "2025-09-28T23:14:46.304Z"}}, {"model": "violations.violationclassifier", "pk": 92, "fields": {"category": "Технология производства", "kind": "Устранимое", "type_name": "Простое", "name": "Осутствуют подстилающие слои из песка при укладке инженерных коммуникаций", "regulatory_deadline_days": 5, "is_active": true, "created_at": "2025-09-28T23:14:46.304Z", "updated_at": "2025-09-28T23:14:46.304Z"}}, {"model": "violations.violationclassifier", "pk": 93, "fields": {"category": "Технология производства", "kind": "Устранимое", "type_name": "Простое", "name": "Нарушение вертикальных отметок при установке ОЛХ", "regulatory_deadline_days": 5, "is_active": true, "created_at": "2025-09-28T23:14:46.305Z", "updated_at": "2025-09-28T23:14:46.305Z"}}, {"model": "violations.violationclassifier", "pk": 94, "fields": {"category": "Технология производства", "kind": "Неустранимое", "type_name": "Простое", "name": "Сколы, отклонение вертикальных и горизонтальных отметок бортового камня в процессе работ по благоустройству", "regulatory_deadline_days": null, "is_active": true, "created_at": "2025-09-28T23:14:46.306Z", "updated_at": "2025-09-28T23:14:46.306Z"}}, {"model": "violations.violationclassifier", "pk": 95, "fields": {"category": "Проектные решения", "kind": "Устранимое", "type_name": "Простое", "name": "Нарушение зоны безопасности МАФ (наличие твердых покрытий, ОЛХ, бортовых камней, приствольных металлических решеток, МАФ, пересечение зон безопасности, зеленых насаждений)", "regulatory_deadline_days": 5, "is_active": true, "created_at": "2025-09-28T23:14:46.307Z", "updated_at": "2025-09-28T23:14:46.307Z"}}, {"model": "violations.violationclassifier", "pk": 96, "fields": {"category": "Проектные решения", "kind": "Устранимое", "type_name": "Простое", "name": "Нарушение проектной высоты от поверхности площадки до элементов МАФ", "regulatory_deadline_days": 5, "is_active": true, "created_at": "2025-09-28T23:14:46.308Z", "updated_at": "2025-09-28T23:14:46.308Z"}}, {"model": "violations.violationclassifier", "pk": 97, "fields": {"category": "Технология установки ОЛХ", "kind": "Устранимое", "type_name": "Грубое", "name": "Установка обечайки смотрового колодца производится на строительный мусор (асфальтобетонный скол, обрезки досок и т.п.)", "regulatory_deadline_days": 1, "is_active": true, "created_at": "2025-09-28T23:14:46.309Z", "updated_at": "2025-09-28T23:14:46.309Z"}}, {"model": "violations.violationclassifier", "pk": 98, "fields": {"category": "Технология устройства газона", "kind": "Устранимое", "type_name": "Грубое", "name": "Не выполнена разработка грунта перед устройством газона", "regulatory_deadline_days": 5, "is_active": true, "created_at": "2025-09-28T23:14:46.310Z", "updated_at": "2025-09-28T23:14:46.310Z"}}, {"model": "violations.violationclassifier", "pk": 99, "fields": {"category": "Культура производства", "kind": "Неустранимое", "type_name": "Грубое", "name": "Произведена вырубка корневой системы зеленых насаждений", "regulatory_deadline_days": null, "is_active": true, "created_at": "2025-09-28T23:14:46.310Z", "updated_at": "2025-09-28T23:14:46.310Z"}}, {"model": "violations.violationclassifier", "pk": 100, "fields": {"category": "Технология производства", "kind": "Устранимое", "type_name": "Грубое", "name": "Не произведена затяжка/отсутствие болтовых соединений МАФ", "regulatory_deadline_days": 1, "is_active": true, "created_at": "2025-09-28T23:14:46.311Z", "updated_at": "2025-09-28T23:14:46.311Z"}}, {"model": "violations.violationclassifier", "pk": 101, "fields": {"category": "Технология производства", "kind": "Устранимое", "type_name": "Грубое", "name": "Не выполнено уплотнение слоев оснований дорожных покрытий", "regulatory_deadline_days": 1, "is_active": true, "created_at": "2025-09-28T23:14:46.312Z", "updated_at": "2025-09-28T23:14:46.312Z"}}, {"model": "violations.violationclassifier", "pk": 102, "fields": {"category": "Технология производства", "kind": "Устранимое", "type_name": "Грубое", "name": "Нарушение укладки геотекстиля под основания дорожных покрытий (не выполнена натяжка, не на всю ширину, отсутствует нахлест)", "regulatory_deadline_days": 1, "is_active": true, "created_at": "2025-09-28T23:14:46.313Z", "updated_at": "2025-09-28T23:14:46.313Z"}}, {"model": "violations.violationclassifier", "pk": 103, "fields": {"category": "Документация", "kind": "Устранимое", "type_name": "Простое", "name": "Несвоевременное ведение Общего журнала работ подрядными организациями, заказчиками", "regulatory_deadline_days": 3, "is_active": true, "created_at": "2025-09-28T23:14:46.314Z", "updated_at": "2025-09-28T23:14:46.314Z"}}, {"model": "violations.violationclassifier", "pk": 104, "fields": {"category": "Технология производства", "kind": "Устранимое", "type_name": "Грубое", "name": "Использование нестандартных элементов бортового камня (перевернутый радиусный элемент, обрезанные элементы менее 40 см., радиусы из мелко-напиленных прямолинейных бортовых камней)", "regulatory_deadline_days": 3, "is_active": true, "created_at": "2025-09-28T23:14:46.315Z", "updated_at": "2025-09-28T23:14:46.315Z"}}, {"model": "violations.violationclassifier", "pk": 105, "fields": {"category": "Культура производства", "kind": "Устранимое", "type_name": "Грубое", "name": "Работа бензорезом вне специально отведенных мест, без использования воды", "regulatory_deadline_days": 1, "is_active": true, "created_at": "2025-09-28T23:14:46.315Z", "updated_at": "2025-09-28T23:14:46.315Z"}}, {"model": "violations.violationclassifier", "pk": 106, "fields": {"category": "Культура производства", "kind": "Устранимое", "type_name": "Грубое", "name": "Складирование строительного мусора на газоне", "regulatory_deadline_days": 1, "is_active": true, "created_at": "2025-09-28T23:14:46.317Z", "updated_at": "2025-09-28T23:14:46.317Z"}}, {"model": "violations.violationclassifier", "pk": 107, "fields": {"category": "Культура производства", "kind": "Устранимое", "type_name": "Грубое", "name": "Складирование материалов на газоне", "regulatory_deadline_days": 1, "is_active": true, "created_at": "2025-09-28T23:14:46.319Z", "updated_at": "2025-09-28T23:14:46.319Z"}}, {"model": "violations.violationclassifier", "pk": 108, "fields": {"category": "Завершенные работы", "kind": "Неустранимое", "type_name": "Грубое", "name": "Нарушение продольных, поперечных уклонов пешеходных дорожек, тротуаров требованиям нормативов для маломобильных граждан", "regulatory_deadline_days": null, "is_active": true, "created_at": "2025-09-28T23:14:46.320Z", "updated_at": "2025-09-28T23:14:46.320Z"}}, {"model": "violations.violationclassifier", "pk": 109, "fields": {"category": "Завершенные работы", "kind": "Неустранимое", "type_name": "Грубое", "name": "Нарушение ровности покрытия, необеспечение водоотвода, наличие мест застоя воды", "regulatory_deadline_days": null, "is_active": true, "created_at": "2025-09-28T23:14:46.321Z", "updated_at": "2025-09-28T23:14:46.321Z"}}, {"model": "violations.violationclassifier", "pk": 110, "fields": {"category": "Завершенные работы", "kind": "Неустранимое", "type_name": "Простое", "name": "Не произведена очистка объекта люкового хозяйства от остатков асфальтобетонной смеси", "regulatory_deadline_days": null, "is_active": true, "created_at": "2025-09-28T23:14:46.322Z", "updated_at": "2025-09-28T23:14:46.322Z"}}, {"model": "violations.violationclassifier", "pk": 111, "fields": {"category": "Завершенные работы", "kind": "Неустранимое", "type_name": "Грубое", "name": "Сколы, отклонения бортовых камней от проектного положения", "regulatory_deadline_days": null, "is_active": true, "created_at": "2025-09-28T23:14:46.323Z", "updated_at": "2025-09-28T23:14:46.323Z"}}, {"model": "violations.violationclassifier", "pk": 112, "fields": {"category": "Завершенные работы", "kind": "Неустранимое", "type_name": "Простое", "name": "Не восстановлено покрытие после установки бортового камня/опоры освещения/прокладки коммуникаций", "regulatory_deadline_days": null, "is_active": true, "created_at": "2025-09-28T23:14:46.324Z", "updated_at": "2025-09-28T23:14:46.324Z"}}, {"model": "violations.violationclassifier", "pk": 113, "fields": {"category": "Завершенные работы", "kind": "Неустранимое", "type_name": "Грубое", "name": "Не нормативное понижение бортового камня/пандуса", "regulatory_deadline_days": null, "is_active": true, "created_at": "2025-09-28T23:14:46.325Z", "updated_at": "2025-09-28T23:14:46.325Z"}}, {"model": "violations.violationclassifier", "pk": 114, "fields": {"category": "Завершенные работы", "kind": "Неустранимое", "type_name": "Грубое", "name": "Дефекты асфальтобетонного покрытия (разрушения, растрескивания, выкрашивания и пр.)", "regulatory_deadline_days": null, "is_active": true, "created_at": "2025-09-28T23:14:46.326Z", "updated_at": "2025-09-28T23:14:46.326Z"}}, {"model": "violations.violationclassifier", "pk": 115, "fields": {"category": "Завершенные работы", "kind": "Неустранимое", "type_name": "Грубое", "name": "Занижение/завышение крышек люков, решеток дождеприемника и коверов.", "regulatory_deadline_days": null, "is_active": true, "created_at": "2025-09-28T23:14:46.327Z", "updated_at": "2025-09-28T23:14:46.327Z"}}, {"model": "violations.violationclassifier", "pk": 116, "fields": {"category": "Завершенные работы", "kind": "Неустранимое", "type_name": "Простое", "name": "Механическое повреждение крышек люков, решеток дождеприемника и ковера.", "regulatory_deadline_days": null, "is_active": true, "created_at": "2025-09-28T23:14:46.328Z", "updated_at": "2025-09-28T23:14:46.328Z"}}, {"model": "violations.violationclassifier", "pk": 117, "fields": {"category": "Завершенные работы", "kind": "Неустранимое", "type_name": "Простое", "name": "Не восстановлены ИДН, МАФы, дорожные знаки, ограждения.", "regulatory_deadline_days": null, "is_active": true, "created_at": "2025-09-28T23:14:46.328Z", "updated_at": "2025-09-28T23:14:46.328Z"}}, {"model": "violations.violationclassifier", "pk": 118, "fields": {"category": "Завершенные работы", "kind": "Неустранимое", "type_name": "Простое", "name": "Разметка не нанесена", "regulatory_deadline_days": null, "is_active": true, "created_at": "2025-09-28T23:14:46.329Z", "updated_at": "2025-09-28T23:14:46.329Z"}}, {"model": "violations.violationclassifier", "pk": 119, "fields": {"category": "Завершенные работы", "kind": "Неустранимое", "type_name": "Грубое", "name": "Не восстановлен утраченный травяной покров газона", "regulatory_deadline_days": null, "is_active": true, "created_at": "2025-09-28T23:14:46.330Z", "updated_at": "2025-09-28T23:14:46.330Z"}}, {"model": "violations.violationclassifier", "pk": 120, "fields": {"category": "Завершенные работы", "kind": "Неустранимое", "type_name": "Простое", "name": "Не обеспечена устойчивость и бесшумность крышек люков, решеток дождеприемников и коверов при наезде автотранспорта.", "regulatory_deadline_days": null, "is_active": true, "created_at": "2025-09-28T23:14:46.331Z", "updated_at": "2025-09-28T23:14:46.331Z"}}, {"model": "violations.violationclassifier", "pk": 121, "fields": {"category": "Завершенные работы", "kind": "Неустранимое", "type_name": "Грубое", "name": "Коллейность на асфальтобетонном покрытии", "regulatory_deadline_days": null, "is_active": true, "created_at": "2025-09-28T23:14:46.331Z", "updated_at": "2025-09-28T23:14:46.331Z"}}, {"model": "violations.violationclassifier", "pk": 122, "fields": {"category": "Завершенные работы", "kind": "Неустранимое", "type_name": "Грубое", "name": "Выпотевание битума на асфальтобетонном покрытии", "regulatory_deadline_days": null, "is_active": true, "created_at": "2025-09-28T23:14:46.332Z", "updated_at": "2025-09-28T23:14:46.332Z"}}, {"model": "violations.violationclassifier", "pk": 123, "fields": {"category": "Завершенные работы", "kind": "Неустранимое", "type_name": "Простое", "name": "Крышки люков и решетки дождеприемников отклонены в плане от проектного положения, развернуты на 90/180°", "regulatory_deadline_days": null, "is_active": true, "created_at": "2025-09-28T23:14:46.333Z", "updated_at": "2025-09-28T23:14:46.333Z"}}, {"model": "violations.violationclassifier", "pk": 124, "fields": {"category": "Завершенные работы", "kind": "Неустранимое", "type_name": "Грубое", "name": "Не выполнена замена/ремонт верхнего оборудования ОЛХ (опорной плиты, доборных колец)", "regulatory_deadline_days": null, "is_active": true, "created_at": "2025-09-28T23:14:46.334Z", "updated_at": "2025-09-28T23:14:46.334Z"}}, {"model": "violations.violationclassifier", "pk": 125, "fields": {"category": "Завершенные работы", "kind": "Неустранимое", "type_name": "Грубое", "name": "Не выполнена установка повышенного бортового камня в местах ООТ и на виражах", "regulatory_deadline_days": null, "is_active": true, "created_at": "2025-09-28T23:14:46.335Z", "updated_at": "2025-09-28T23:14:46.335Z"}}, {"model": "violations.violationclassifier", "pk": 126, "fields": {"category": "Завершенные работы", "kind": "Неустранимое", "type_name": "Грубое", "name": "Радиусы б/к выполнены из мелко-напиленных прямолинейных бортовых камней", "regulatory_deadline_days": null, "is_active": true, "created_at": "2025-09-28T23:14:46.336Z", "updated_at": "2025-09-28T23:14:46.336Z"}}, {"model": "violations.violationclassifier", "pk": 127, "fields": {"category": "Завершенные работы", "kind": "Устранимое", "type_name": "Грубое", "name": "Не выполнена планировка грунта на газоне (ямы, бугры), не выполнено уплотнение плодородного слоя", "regulatory_deadline_days": 1, "is_active": true, "created_at": "2025-09-28T23:14:46.336Z", "updated_at": "2025-09-28T23:14:46.336Z"}}, {"model": "violations.violationclassifier", "pk": 128, "fields": {"category": "Завершенные работы", "kind": "Устранимое", "type_name": "Грубое", "name": "Наличие строительного мусора в грунте (кирпичный бой, стекла и пр.)", "regulatory_deadline_days": 1, "is_active": true, "created_at": "2025-09-28T23:14:46.337Z", "updated_at": "2025-09-28T23:14:46.337Z"}}, {"model": "violations.violationclassifier", "pk": 129, "fields": {"category": "Завершенные работы", "kind": "Устранимое", "type_name": "Простое", "name": "Наличие сорняка на травяном покрове газонного покрытия, не произведен покос травяного покрова (более 15 см.)", "regulatory_deadline_days": 1, "is_active": true, "created_at": "2025-09-28T23:14:46.338Z", "updated_at": "2025-09-28T23:14:46.338Z"}}, {"model": "violations.violationclassifier", "pk": 130, "fields": {"category": "Завершенные работы", "kind": "Устранимое", "type_name": "Грубое", "name": "Отсутствует электроснабжение павильонов ООТ, пилонов, стелл", "regulatory_deadline_days": null, "is_active": true, "created_at": "2025-09-28T23:14:46.339Z", "updated_at": "2025-09-28T23:14:46.339Z"}}, {"model": "violations.violationclassifier", "pk": 131, "fields": {"category": "Завершенные работы", "kind": "Устранимое", "type_name": "Грубое", "name": "Установка обечайки смотрового колодца производится на строительный мусор (асфальтобетонный скол, обрезки досок и т.п.)", "regulatory_deadline_days": null, "is_active": true, "created_at": "2025-09-28T23:14:46.340Z", "updated_at": "2025-09-28T23:14:46.340Z"}}, {"model": "inspector.violationtype", "pk": 1, "fields": {"code": "TEST001", "name": "Тестовое нарушение", "description": "Тип нарушения для тестирования", "severity": "medium", "mandatory_photo": false, "mandatory_location": true, "default_deadline_days": 14, "is_active": true, "created_at": "2025-09-28T23:28:29.213Z", "updated_at": "2025-09-28T23:28:29.213Z"}}, {"model": "inspector.inspectorviolation", "pk": 1, "fields": {"project": 5, "violation_type": 1, "violation_classifier": 70, "inspector": ["test_inspector"], "title": "Тестовое нарушение с классификатором", "description": "Проверка работы интеграции классификатора нарушений", "status": "detected", "priority": "medium", "location_lat": 59.830999999999996, "location_lng": 30.151, "location_description": "Нарушение обнаружено в зоне проекта, точка 1", "verification_method": null, "qr_code_verified": null, "detected_at": "2025-09-28T23:29:33.855Z", "deadline": "2025-09-29", "corrected_at": null, "verified_at": null, "assigned_to": null, "correction_comment": "", "inspector_comment": "", "created_at": "2025-09-28T23:29:33.856Z", "updated_at": "2025-09-29T00:03:14.779Z"}}, {"model": "inspector.inspectorviolation", "pk": 2, "fields": {"project": 5, "violation_type": null, "violation_classifier": 70, "inspector": ["test_inspector"], "title": "Нарушение только с классификатором", "description": "Тест создания нарушения без поля \"тип нарушения\"", "status": "detected", "priority": "medium", "location_lat": 59.832, "location_lng": 30.151999999999997, "location_description": "Нарушение обнаружено в зоне проекта, точка 2", "verification_method": null, "qr_code_verified": null, "detected_at": "2025-09-28T23:40:36.152Z", "deadline": "2025-09-29", "corrected_at": null, "verified_at": null, "assigned_to": null, "correction_comment": "", "inspector_comment": "", "created_at": "2025-09-28T23:40:36.152Z", "updated_at": "2025-09-29T00:03:14.774Z"}}, {"model": "inspector.inspectorviolation", "pk": 3, "fields": {"project": 5, "violation_type": 1, "violation_classifier": 89, "inspector": ["inspector_1"], "title": "Не укреплена обочина проезжей части в местах отсутствия бор…              ", "description": "456454", "status": "detected", "priority": "medium", "location_lat": 55.889362, "location_lng": 37.444855, "location_description": "", "verification_method": null, "qr_code_verified": null, "detected_at": "2025-09-28T23:41:13.228Z", "deadline": "2025-10-03", "corrected_at": null, "verified_at": null, "assigned_to": null, "correction_comment": "", "inspector_comment": "", "created_at": "2025-09-28T23:41:13.229Z", "updated_at": "2025-09-28T23:41:13.231Z"}}, {"model": "inspector.inspectorviolation", "pk": 4, "fields": {"project": 5, "violation_type": 1, "violation_classifier": 69, "inspector": ["inspector_1"], "title": "Отсутствует информационный щит              ", "description": "мсиси", "status": "detected", "priority": "medium", "location_lat": 55.889362, "location_lng": 37.444855, "location_description": "", "verification_method": null, "qr_code_verified": null, "detected_at": "2025-09-29T00:12:12.727Z", "deadline": "2025-09-30", "corrected_at": null, "verified_at": null, "assigned_to": null, "correction_comment": "", "inspector_comment": "", "created_at": "2025-09-29T00:12:12.728Z", "updated_at": "2025-09-29T00:12:12.743Z"}}, {"model": "inspector.inspectorviolation", "pk": 5, "fields": {"project": 5, "violation_type": 1, "violation_classifier": 114, "inspector": ["inspector_1"], "title": "Дефекты асфальтобетонного покрытия (разрушения, растрескива…              ", "description": "sdfsdfsdf", "status": "detected", "priority": "medium", "location_lat": 56.946838, "location_lng": 24.106075, "location_description": "", "verification_method": null, "qr_code_verified": null, "detected_at": "2025-09-29T08:24:55.561Z", "deadline": "2025-10-29", "corrected_at": null, "verified_at": null, "assigned_to": null, "correction_comment": "", "inspector_comment": "", "created_at": "2025-09-29T08:24:55.562Z", "updated_at": "2025-09-29T08:24:55.577Z"}}, {"model": "inspector.inspectorviolation", "pk": 6, "fields": {"project": 5, "violation_type": 1, "violation_classifier": 70, "inspector": ["inspector_1"], "title": "Не корректная (не полная) информация на информационном щите              ", "description": "sdfsdfsdfs", "status": "detected", "priority": "medium", "location_lat": 55.889362, "location_lng": 37.444855, "location_description": "", "verification_method": null, "qr_code_verified": null, "detected_at": "2025-09-29T10:57:05.306Z", "deadline": "2025-09-30", "corrected_at": null, "verified_at": null, "assigned_to": null, "correction_comment": "", "inspector_comment": "", "created_at": "2025-09-29T10:57:05.306Z", "updated_at": "2025-09-29T10:57:05.308Z"}}, {"model": "inspector.violationphoto", "pk": 1, "fields": {"violation": 4, "photo": "violation_photos/архивныи_шкаф.png", "photo_type": "violation", "description": "", "taken_by": ["inspector_1"], "taken_at": "2025-09-29T00:12:12.745Z", "location_lat": null, "location_lng": null, "created_at": "2025-09-29T00:12:12.747Z"}}, {"model": "inspector.violationphoto", "pk": 2, "fields": {"violation": 5, "photo": "violation_photos/image_2025-09-26_10-00-18_2.png", "photo_type": "violation", "description": "", "taken_by": ["inspector_1"], "taken_at": "2025-09-29T08:24:55.579Z", "location_lat": null, "location_lng": null, "created_at": "2025-09-29T08:24:55.580Z"}}, {"model": "inspector.violationphoto", "pk": 3, "fields": {"violation": 6, "photo": "violation_photos/Слаид1.jpeg", "photo_type": "violation", "description": "", "taken_by": ["inspector_1"], "taken_at": "2025-09-29T10:57:05.310Z", "location_lat": null, "location_lng": null, "created_at": "2025-09-29T10:57:05.310Z"}}, {"model": "inspector.labsamplerequest", "pk": 1, "fields": {"project": 4, "material_type": 8, "requested_by": ["inspector_1"], "status": "requested", "urgency": "normal", "reason": "пвпвапвапвап", "required_tests": "Прочность на сжатие, морозостойкость, водонепроницаемость", "sample_quantity": "34", "sampling_location_lat": null, "sampling_location_lng": null, "sampling_location_description": "вапвапвап", "requested_at": "2025-09-29T12:47:05.436Z", "scheduled_sampling_date": null, "actual_sampling_date": null, "expected_results_date": null, "lab_organization": "", "lab_contact": "", "sampling_specialist": "", "results_summary": "", "results_file": "", "compliance_status": "", "inspector_notes": "", "lab_notes": "", "created_at": "2025-09-29T12:47:05.436Z", "updated_at": "2025-09-29T12:47:05.436Z"}}, {"model": "inspector.labsamplerequest", "pk": 2, "fields": {"project": 5, "material_type": 6, "requested_by": ["inspector_1"], "status": "completed", "urgency": "normal", "reason": "Тестовая заявка для проверки функционала", "required_tests": "Прочность на сжатие, морозостойкость", "sample_quantity": "2 образца по 500г", "sampling_location_lat": null, "sampling_location_lng": null, "sampling_location_description": "Участок A, секция 1", "requested_at": "2025-09-29T12:55:54.585Z", "scheduled_sampling_date": null, "actual_sampling_date": null, "expected_results_date": null, "lab_organization": "", "lab_contact": "", "sampling_specialist": "", "results_summary": "", "results_file": "", "compliance_status": "", "inspector_notes": "", "lab_notes": "", "created_at": "2025-09-29T12:55:54.586Z", "updated_at": "2025-09-29T13:16:00.437Z"}}, {"model": "inspector.violationcomment", "pk": 1, "fields": {"violation": 4, "author": ["inspector_1"], "comment": "Проверка", "created_at": "2025-09-29T07:24:38.249Z", "updated_at": "2025-09-29T07:24:38.249Z"}}, {"model": "inspector.violationcomment", "pk": 2, "fields": {"violation": 6, "author": ["inspector_1"], "comment": "Тестовый комментарий через shell", "created_at": "2025-09-29T11:59:13.065Z", "updated_at": "2025-09-29T11:59:13.065Z"}}, {"model": "inspector.violationcomment", "pk": 3, "fields": {"violation": 6, "author": ["inspector_1"], "comment": "Еще один тестовый комментарий для проверки отображения", "created_at": "2025-09-29T12:02:54.520Z", "updated_at": "2025-09-29T12:02:54.520Z"}}, {"model": "inspector.violationcomment", "pk": 4, "fields": {"violation": 6, "author": ["inspector_1"], "comment": "Тест через curl", "created_at": "2025-09-29T12:05:07.822Z", "updated_at": "2025-09-29T12:05:07.822Z"}}, {"model": "documents.workspecification", "pk": 1, "fields": {"project": 1, "name": "Перечень работ - Проект благоустройства: Бестужевых 27", "description": "Автоматически загруженный перечень работ из файла Перечень работ СОК- Бестужевых 27.xlsx", "file_source": "Перечень работ СОК- Бестужевых 27.xlsx", "created_at": "2025-09-29T14:03:01.461Z", "updated_at": "2025-09-29T14:03:01.461Z"}}, {"model": "documents.workspecification", "pk": 2, "fields": {"project": 4, "name": "Перечень работ - Проект благоустройства: Путевой 38", "description": "Автоматически загруженный перечень работ из файла Перечень работ СОК- Путевой, 38.xlsx", "file_source": "Перечень работ СОК- Путевой, 38.xlsx", "created_at": "2025-09-29T14:03:01.489Z", "updated_at": "2025-09-29T14:03:01.489Z"}}, {"model": "documents.workspecification", "pk": 3, "fields": {"project": 2, "name": "Перечень работ - Проект благоустройства: Каргопольская 18", "description": "Автоматически загруженный перечень работ из файла Перечень_работ_СОК_Каргопольская_18.xlsx", "file_source": "Перечень_работ_СОК_Каргопольская_18.xlsx", "created_at": "2025-09-29T14:03:01.514Z", "updated_at": "2025-09-29T14:03:01.514Z"}}, {"model": "documents.workspecification", "pk": 4, "fields": {"project": 3, "name": "Перечень работ - Проект благоустройства: Проспект Мира 194", "description": "Автоматически загруженный перечень работ из файла Перечень_работ_СОК_Проспект_Мира_194.xlsx", "file_source": "Перечень_работ_СОК_Проспект_Мира_194.xlsx", "created_at": "2025-09-29T14:03:01.541Z", "updated_at": "2025-09-29T14:03:01.541Z"}}, {"model": "documents.workspecification", "pk": 5, "fields": {"project": 5, "name": "Перечень работ - Проект благоустройства: Флотская 54,58к1", "description": "Автоматически загруженный перечень работ из файла Перечень_работ_СОК_Флотская_54,58к1.xlsx", "file_source": "Перечень_работ_СОК_Флотская_54,58к1.xlsx", "created_at": "2025-09-29T14:03:01.568Z", "updated_at": "2025-09-29T14:03:01.568Z"}}, {"model": "documents.workspecificationitem", "pk": 46, "fields": {"specification": 1, "order": 1, "name": "Устройство покрытия асфальтобетонного пешеходной дорожки в рамках благоустройства территории", "unit": "Квадратный метр", "quantity": "13.000", "unit_cost": "0.00", "total_cost": "0.00"}}, {"model": "documents.workspecificationitem", "pk": 47, "fields": {"specification": 1, "order": 2, "name": "Устройство садового бортового камня в рамках благоустройства территории", "unit": "Погонный метр", "quantity": "22.000", "unit_cost": "0.00", "total_cost": "0.00"}}, {"model": "documents.workspecificationitem", "pk": 48, "fields": {"specification": 1, "order": 3, "name": "Ремонт газона в рамках благоустройства территории", "unit": "Квадратный метр", "quantity": "2800.000", "unit_cost": "0.00", "total_cost": "0.00"}}, {"model": "documents.workspecificationitem", "pk": 49, "fields": {"specification": 1, "order": 4, "name": "Замена покрытия из резиновой крошки детской площадки в рамках благоустройства территории", "unit": "Квадратный метр", "quantity": "178.560", "unit_cost": "0.00", "total_cost": "0.00"}}, {"model": "documents.workspecificationitem", "pk": 50, "fields": {"specification": 1, "order": 5, "name": "Замена покрытия из резиновой крошки спортивной площадки в рамках благоустройства территории", "unit": "Квадратный метр", "quantity": "136.800", "unit_cost": "0.00", "total_cost": "0.00"}}, {"model": "documents.workspecificationitem", "pk": 51, "fields": {"specification": 1, "order": 6, "name": "ОБУСТРОЙСТВО МАФ ТЕРРИТОРИЙ", "unit": "Штука", "quantity": "26.000", "unit_cost": "0.00", "total_cost": "0.00"}}, {"model": "documents.workspecificationitem", "pk": 52, "fields": {"specification": 1, "order": 7, "name": "Замена садового бортового камня в рамках благоустройства территории", "unit": "Погонный метр", "quantity": "101.000", "unit_cost": "0.00", "total_cost": "0.00"}}, {"model": "documents.workspecificationitem", "pk": 53, "fields": {"specification": 2, "order": 1, "name": "Ремонт покрытия асфальтобетонного проезда в рамках благоустройства территории", "unit": "Квадратный метр", "quantity": "1333.000", "unit_cost": "0.00", "total_cost": "0.00"}}, {"model": "documents.workspecificationitem", "pk": 54, "fields": {"specification": 2, "order": 2, "name": "Устройство покрытия асфальтобетонного проезда в рамках благоустройства территории", "unit": "Квадратный метр", "quantity": "151.000", "unit_cost": "0.00", "total_cost": "0.00"}}, {"model": "documents.workspecificationitem", "pk": 55, "fields": {"specification": 2, "order": 3, "name": "Ремонт покрытия асфальтобетонного тротуара в рамках благоустройства территории", "unit": "Квадратный метр", "quantity": "342.000", "unit_cost": "0.00", "total_cost": "0.00"}}, {"model": "documents.workspecificationitem", "pk": 56, "fields": {"specification": 2, "order": 4, "name": "Замена дорожного бортового камня в рамках благоустройства территории", "unit": "Погонный метр", "quantity": "379.000", "unit_cost": "0.00", "total_cost": "0.00"}}, {"model": "documents.workspecificationitem", "pk": 57, "fields": {"specification": 2, "order": 5, "name": "Устройство дорожного бортового камня в рамках благоустройства территории", "unit": "Погонный метр", "quantity": "57.000", "unit_cost": "0.00", "total_cost": "0.00"}}, {"model": "documents.workspecificationitem", "pk": 58, "fields": {"specification": 2, "order": 6, "name": "Ремонт покрытия асфальтобетонного автопарковки в рамках благоустройства территории", "unit": "Квадратный метр", "quantity": "481.000", "unit_cost": "0.00", "total_cost": "0.00"}}, {"model": "documents.workspecificationitem", "pk": 59, "fields": {"specification": 3, "order": 1, "name": "Устройство садового бортового камня в рамках благоустройства территории", "unit": "Погонный метр", "quantity": "48.000", "unit_cost": "0.00", "total_cost": "0.00"}}, {"model": "documents.workspecificationitem", "pk": 60, "fields": {"specification": 3, "order": 2, "name": "Замена садового бортового камня в рамках благоустройства территории", "unit": "Погонный метр", "quantity": "70.000", "unit_cost": "0.00", "total_cost": "0.00"}}, {"model": "documents.workspecificationitem", "pk": 61, "fields": {"specification": 3, "order": 3, "name": "Ремонт газона в рамках благоустройства территории", "unit": "Квадратный метр", "quantity": "150.000", "unit_cost": "0.00", "total_cost": "0.00"}}, {"model": "documents.workspecificationitem", "pk": 62, "fields": {"specification": 3, "order": 4, "name": "Замена покрытия из резиновой крошки спортивной площадки в рамках благоустройства территории", "unit": "Квадратный метр", "quantity": "387.000", "unit_cost": "0.00", "total_cost": "0.00"}}, {"model": "documents.workspecificationitem", "pk": 63, "fields": {"specification": 3, "order": 5, "name": "Устройство покрытия асфальтобетонного пешеходной дорожки в рамках благоустройства территории", "unit": "Квадратный метр", "quantity": "12.800", "unit_cost": "0.00", "total_cost": "0.00"}}, {"model": "documents.workspecificationitem", "pk": 64, "fields": {"specification": 3, "order": 6, "name": "Замена покрытия из резиновой крошки детской площадки в рамках благоустройства территории", "unit": "Квадратный метр", "quantity": "80.000", "unit_cost": "0.00", "total_cost": "0.00"}}, {"model": "documents.workspecificationitem", "pk": 65, "fields": {"specification": 3, "order": 7, "name": "ОБУСТРОЙСТВО МАФ ТЕРРИТОРИЙ", "unit": "Штука", "quantity": "14.000", "unit_cost": "0.00", "total_cost": "0.00"}}, {"model": "documents.workspecificationitem", "pk": 66, "fields": {"specification": 3, "order": 8, "name": "Замена ограждения контейнерной площадки в рамках благоустройства территории", "unit": "Штука", "quantity": "1.000", "unit_cost": "0.00", "total_cost": "0.00"}}, {"model": "documents.workspecificationitem", "pk": 67, "fields": {"specification": 4, "order": 1, "name": "Устройство садового бортового камня в рамках благоустройства территории", "unit": "Погонный метр", "quantity": "15.000", "unit_cost": "0.00", "total_cost": "0.00"}}, {"model": "documents.workspecificationitem", "pk": 68, "fields": {"specification": 4, "order": 2, "name": "Ремонт покрытия асфальтобетонного автопарковки в рамках благоустройства территории", "unit": "Квадратный метр", "quantity": "365.000", "unit_cost": "0.00", "total_cost": "0.00"}}, {"model": "documents.workspecificationitem", "pk": 69, "fields": {"specification": 4, "order": 3, "name": "Ремонт покрытия асфальтобетонного тротуара в рамках благоустройства территории", "unit": "Квадратный метр", "quantity": "156.000", "unit_cost": "0.00", "total_cost": "0.00"}}, {"model": "documents.workspecificationitem", "pk": 70, "fields": {"specification": 4, "order": 4, "name": "Ремонт покрытия асфальтобетонного проезда в рамках благоустройства территории", "unit": "Квадратный метр", "quantity": "884.000", "unit_cost": "0.00", "total_cost": "0.00"}}, {"model": "documents.workspecificationitem", "pk": 71, "fields": {"specification": 4, "order": 5, "name": "Замена дорожного бортового камня в рамках благоустройства территории", "unit": "Погонный метр", "quantity": "216.800", "unit_cost": "0.00", "total_cost": "0.00"}}, {"model": "documents.workspecificationitem", "pk": 72, "fields": {"specification": 5, "order": 1, "name": "Ремонт покрытия асфальтобетонного проезда в рамках благоустройства территории", "unit": "Квадратный метр", "quantity": "1.000", "unit_cost": "0.00", "total_cost": "0.00"}}, {"model": "documents.workspecificationitem", "pk": 73, "fields": {"specification": 5, "order": 2, "name": "Ремонт люка подземных коммуникаций (смотрового колодца) в рамках благоустройства территории", "unit": "Штука", "quantity": "1.000", "unit_cost": "0.00", "total_cost": "0.00"}}, {"model": "documents.workspecificationitem", "pk": 74, "fields": {"specification": 5, "order": 3, "name": "Замена дорожного бортового камня в рамках благоустройства территории", "unit": "Погонный метр", "quantity": "1.000", "unit_cost": "0.00", "total_cost": "0.00"}}, {"model": "documents.workspecificationitem", "pk": 75, "fields": {"specification": 5, "order": 4, "name": "Замена садового бортового камня в рамках благоустройства территории", "unit": "Погонный метр", "quantity": "1.000", "unit_cost": "0.00", "total_cost": "0.00"}}, {"model": "documents.workspecificationitem", "pk": 76, "fields": {"specification": 5, "order": 5, "name": "Ремонт покрытия асфальтобетонного тротуара в рамках благоустройства территории", "unit": "Квадратный метр", "quantity": "1.000", "unit_cost": "0.00", "total_cost": "0.00"}}, {"model": "documents.workspecificationitem", "pk": 77, "fields": {"specification": 5, "order": 6, "name": "Ремонт газона в рамках благоустройства территории", "unit": "Квадратный метр", "quantity": "1.000", "unit_cost": "0.00", "total_cost": "0.00"}}, {"model": "documents.workspecificationitem", "pk": 78, "fields": {"specification": 5, "order": 7, "name": "Ремонт покрытия асфальтобетонного пешеходной дорожки в рамках благоустройства территории", "unit": "Квадратный метр", "quantity": "1.000", "unit_cost": "0.00", "total_cost": "0.00"}}, {"model": "documents.workspecificationitem", "pk": 79, "fields": {"specification": 5, "order": 8, "name": "Устройство покрытия из резиновой крошки детской площадки в рамках благоустройства территории", "unit": "Квадратный метр", "quantity": "1.000", "unit_cost": "0.00", "total_cost": "0.00"}}, {"model": "documents.workspecificationitem", "pk": 80, "fields": {"specification": 5, "order": 9, "name": "Установка ограждения контейнерной площадки в рамках благоустройства территории", "unit": "Погонный метр", "quantity": "1.000", "unit_cost": "0.00", "total_cost": "0.00"}}, {"model": "documents.workspecificationitem", "pk": 81, "fields": {"specification": 5, "order": 10, "name": "Установка ограждения детской площадки в рамках благоустройства территории", "unit": "Погонный метр", "quantity": "1.000", "unit_cost": "0.00", "total_cost": "0.00"}}, {"model": "documents.workspecificationitem", "pk": 82, "fields": {"specification": 5, "order": 11, "name": "Установка информационного стенда в рамках благоустройства территории", "unit": "Штука", "quantity": "1.000", "unit_cost": "0.00", "total_cost": "0.00"}}, {"model": "documents.workspecificationitem", "pk": 83, "fields": {"specification": 5, "order": 12, "name": "Установка скамьи в рамках благоустройства территории", "unit": "Штука", "quantity": "1.000", "unit_cost": "0.00", "total_cost": "0.00"}}, {"model": "documents.workspecificationitem", "pk": 84, "fields": {"specification": 5, "order": 13, "name": "Установка урны в рамках благоустройства территории", "unit": "Штука", "quantity": "1.000", "unit_cost": "0.00", "total_cost": "0.00"}}, {"model": "documents.workspecificationitem", "pk": 85, "fields": {"specification": 5, "order": 14, "name": "Установка игрового детского комплекса 1 категории в рамках благоустройства территории", "unit": "Штука", "quantity": "1.000", "unit_cost": "0.00", "total_cost": "0.00"}}, {"model": "documents.workspecificationitem", "pk": 86, "fields": {"specification": 5, "order": 15, "name": "Установка игрового элемента карусель в рамках благоустройства территории", "unit": "Штука", "quantity": "1.000", "unit_cost": "0.00", "total_cost": "0.00"}}, {"model": "documents.workspecificationitem", "pk": 87, "fields": {"specification": 5, "order": 16, "name": "Установка игрового элемента качалка в рамках благоустройства территории", "unit": "Штука", "quantity": "1.000", "unit_cost": "0.00", "total_cost": "0.00"}}, {"model": "documents.workspecificationitem", "pk": 88, "fields": {"specification": 5, "order": 17, "name": "Установка игрового элемента качели в рамках благоустройства территории", "unit": "Штука", "quantity": "1.000", "unit_cost": "0.00", "total_cost": "0.00"}}, {"model": "documents.workspecificationitem", "pk": 89, "fields": {"specification": 5, "order": 18, "name": "Установка игрового элемента песочница в рамках благоустройства территории", "unit": "Штука", "quantity": "1.000", "unit_cost": "0.00", "total_cost": "0.00"}}, {"model": "documents.workspecificationitem", "pk": 90, "fields": {"specification": 5, "order": 19, "name": "Установка спортивного детского комплекса 1 категории в рамках благоустройства территории", "unit": "Штука", "quantity": "1.000", "unit_cost": "0.00", "total_cost": "0.00"}}, {"model": "dataset.violationclassifier", "pk": 1, "fields": {"category": "culture", "violation_type": "serious", "severity": "Грубое", "name": "Несвоевременный вывоз строительного мусора, более суток", "fix_period": 1, "created_at": "2025-09-22T20:03:25.971Z"}}, {"model": "dataset.violationclassifier", "pk": 2, "fields": {"category": "culture", "violation_type": "serious", "severity": "Грубое", "name": "Нарушение места складирования строительного мусора", "fix_period": 1, "created_at": "2025-09-22T20:03:25.973Z"}}, {"model": "dataset.violationclassifier", "pk": 3, "fields": {"category": "culture", "violation_type": "serious", "severity": "Грубое", "name": "Мусор в зоне производства работ", "fix_period": 1, "created_at": "2025-09-22T20:03:25.975Z"}}, {"model": "dataset.violationclassifier", "pk": 4, "fields": {"category": "culture", "violation_type": "serious", "severity": "Грубое", "name": "Складирование скола асфальта более суток", "fix_period": 1, "created_at": "2025-09-22T20:03:25.976Z"}}, {"model": "dataset.violationclassifier", "pk": 5, "fields": {"category": "culture", "violation_type": "serious", "severity": "Грубое", "name": "Нарушение места складирования строительного материала", "fix_period": 1, "created_at": "2025-09-22T20:03:25.977Z"}}, {"model": "dataset.violationclassifier", "pk": 6, "fields": {"category": "culture", "violation_type": "serious", "severity": "Грубое", "name": "Складирование строительных материалов и отходов производства работ вне специально отведенных мест", "fix_period": 1, "created_at": "2025-09-22T20:03:25.978Z"}}, {"model": "dataset.violationclassifier", "pk": 7, "fields": {"category": "safety", "violation_type": "serious", "severity": "Грубое", "name": "Не оборудованы пути прохода пешеходов (пешеходные галерии, настилы, перила, мостки)", "fix_period": 1, "created_at": "2025-09-22T20:03:25.980Z"}}, {"model": "dataset.violationclassifier", "pk": 8, "fields": {"category": "safety", "violation_type": "serious", "severity": "Грубое", "name": "Не обеспечен безопасный проход пешеходов / проезд транспорта", "fix_period": 1, "created_at": "2025-09-22T20:03:25.982Z"}}, {"model": "dataset.violationclassifier", "pk": 9, "fields": {"category": "safety", "violation_type": "serious", "severity": "Грубое", "name": "Отсутствуют ограждения мест производства работ", "fix_period": 1, "created_at": "2025-09-22T20:03:25.983Z"}}, {"model": "dataset.violationclassifier", "pk": 10, "fields": {"category": "culture", "violation_type": "serious", "severity": "Грубое", "name": "Неудовлетворительный внешний вид ограждения", "fix_period": 1, "created_at": "2025-09-22T20:03:25.984Z"}}, {"model": "dataset.violationclassifier", "pk": 11, "fields": {"category": "technical", "violation_type": "serious", "severity": "Грубое", "name": "Нарушение технологии укладки асфальтобетонной смеси", "fix_period": 3, "created_at": "2025-09-22T20:03:25.986Z"}}, {"model": "dataset.violationclassifier", "pk": 12, "fields": {"category": "technical", "violation_type": "serious", "severity": "Грубое", "name": "Несоответствие качества бетонной смеси требованиям", "fix_period": 7, "created_at": "2025-09-22T20:03:25.987Z"}}, {"model": "dataset.violationclassifier", "pk": 13, "fields": {"category": "technical", "violation_type": "critical", "severity": "Критическое", "name": "Использование материалов без сертификатов качества", "fix_period": 1, "created_at": "2025-09-22T20:03:25.988Z"}}, {"model": "dataset.violationclassifier", "pk": 14, "fields": {"category": "documentation", "violation_type": "fixable", "severity": "Устранимое", "name": "Отсутствие исполнительной документации", "fix_period": 3, "created_at": "2025-09-22T20:03:25.989Z"}}, {"model": "dataset.violationclassifier", "pk": 15, "fields": {"category": "documentation", "violation_type": "serious", "severity": "Грубое", "name": "Нарушение ведения журнала работ", "fix_period": 2, "created_at": "2025-09-22T20:03:25.991Z"}}, {"model": "dataset.projectcoordinates", "pk": 1, "fields": {"name": "Флотская 54,58к1", "address": "Флотская улица, д.54,58к1", "wkt_polygon": "POLYGON ((37.5051017825647 55.8553877117224,37.5051681643041 55.8554111603478,37.5051839094663 55.8554171325542,37.5052104335301 55.8554272089655,37.5052348657006 55.8554364771022,37.505320665691 55.8554678736638,37.5053349417489 55.8554730914498,37.5055836076713 55.8555640746525,37.5055906010443 55.8555588560566,37.505591798714 55.8555593589798,37.5055985685554 55.8555543290062,37.5056303420759 55.8555306881272,37.5056370959415 55.8555256761153,37.5056600878064 55.8555085741961,37.5058007368723 55.8554036901291,37.5058058141532 55.8553994595778,37.5058264745316 55.8553823038336,37.5058565869194 55.8553572887768,37.5058941076043 55.8553261299751,37.5058990252053 55.8553220521141,37.506030315168 55.8552130096855,37.5061498259443 55.8551460554965,37.5061511670796 55.8551448339374,37.506213593672 55.855088202068,37.5063288189548 55.854983677786,37.5063448758986 55.8549371163449,37.5063579817703 55.8549113834093,37.506359386544 55.8549086529331,37.5063875457515 55.854853387743,37.5064135018962 55.8548020296519,37.5064183859271 55.8547875959652,37.5064683524653 55.8547021694697,37.5065189053775 55.8546957632065,37.506580507928 55.8546892396364,37.5066376875542 55.8546837581157,37.5066423660015 55.8546831112143,37.5051017825647 55.8553877117224))", "created_at": "2025-09-22T20:03:25.992Z"}}, {"model": "dataset.projectcoordinates", "pk": 2, "fields": {"name": "Некрасовка", "address": "Некрасовка проектируемый проезд", "wkt_polygon": "POLYGON ((37.9144314942259 55.6828933117553,37.914354747428 55.6828937359397,37.9142571794416 55.6828921591481,37.9141687810577 55.6828882781119,37.914045999733 55.682883102714,37.9138687588478 55.6828789886892,37.9136795914882 55.6828747039701,37.9135285343163 55.6828718263451,37.9133816907056 55.6828693078386,37.913155419818 55.6828654262571,37.9131313968016 55.6828656305531,37.9131151220515 55.6828685465082,37.9131146700719 55.6829111897647,37.913140629575 55.6829290142975,37.9133528265656 55.6830747139656,37.9134773133506 55.6831602010383,37.9136500060178 55.6831673326606,37.9137372489423 55.6831631070716,37.9138376608355 55.683298524113,37.9138764488988 55.6832930111415,37.9144314942259 55.6828933117553))", "created_at": "2025-09-22T20:03:25.994Z"}}, {"model": "dataset.projectcoordinates", "pk": 3, "fields": {"name": "Бестужевых 27А", "address": "Бестужевых улица, д.27А", "wkt_polygon": "POLYGON ((37.6136731481359 55.8693381307596,37.6136811644216 55.8693207440017,37.6136874346201 55.8693071580637,37.6137878834516 55.8690892529786,37.6137998701252 55.8690639767174,37.6138420379465 55.8689751458411,37.6138435090524 55.8689701776623,37.6138441489063 55.8689649946888,37.6138438299029 55.8689596599091,37.613842488357 55.8689542452345,37.613841169833 55.8689512555719,37.6138401085827 55.8689488494771,37.6138378943394 55.8689454474837,37.6138366588944 55.868943562482,37.6138326843508 55.8689390573686,37.6136731481359 55.8693381307596))", "created_at": "2025-09-22T20:03:25.996Z"}}, {"model": "dataset.projectcoordinates", "pk": 4, "fields": {"name": "Каргопольская 18", "address": "Каргопольская улица, д. 18", "wkt_polygon": "POLYGON ((37.620 55.870, 37.621 55.870, 37.621 55.871, 37.620 55.871, 37.620 55.870))", "created_at": "2025-09-22T20:03:25.997Z"}}, {"model": "dataset.projectcoordinates", "pk": 5, "fields": {"name": "Проспект Мира 194", "address": "Проспект Мира 194", "wkt_polygon": "POLYGON ((37.630 55.880, 37.631 55.880, 37.631 55.881, 37.630 55.881, 37.630 55.880))", "created_at": "2025-09-22T20:03:25.999Z"}}, {"model": "dataset.projectcoordinates", "pk": 6, "fields": {"name": "Путевой 38", "address": "Путевой проезд, д. 38", "wkt_polygon": "POLYGON ((37.640 55.890, 37.641 55.890, 37.641 55.891, 37.640 55.891, 37.640 55.890))", "created_at": "2025-09-22T20:03:26.000Z"}}, {"model": "dataset.projectcoordinates", "pk": 7, "fields": {"name": "Челобитьевское 14к3", "address": "Челобитьевское шоссе, д14 к3,к4,к5", "wkt_polygon": "POLYGON ((37.650 55.900, 37.651 55.900, 37.651 55.901, 37.650 55.901, 37.650 55.900))", "created_at": "2025-09-22T20:03:26.001Z"}}, {"model": "dataset.workspecification", "pk": 1, "fields": {"object_name": "Проспект Мира 194", "work_name": "Устройство садового бортового камня в рамках благоустройства территории", "quantity": 15.0, "unit": "Погонный метр", "start_date": "2024-04-15", "end_date": "2024-08-25", "address": "проспект Мира, дом 194", "created_at": "2025-09-22T20:03:26.003Z"}}, {"model": "dataset.workspecification", "pk": 2, "fields": {"object_name": "Проспект Мира 194", "work_name": "Ремонт покрытия асфальтобетонного автопарковки в рамках благоустройства территории", "quantity": 365.0, "unit": "Квадратный метр", "start_date": "2024-04-15", "end_date": "2024-08-25", "address": "проспект Мира, дом 194", "created_at": "2025-09-22T20:03:26.005Z"}}, {"model": "dataset.workspecification", "pk": 3, "fields": {"object_name": "Проспект Мира 194", "work_name": "Ремонт покрытия асфальтобетонного тротуара в рамках благоустройства территории", "quantity": 156.0, "unit": "Квадратный метр", "start_date": "2024-04-15", "end_date": "2024-08-25", "address": "проспект Мира, дом 194", "created_at": "2025-09-22T20:03:26.006Z"}}, {"model": "dataset.workspecification", "pk": 4, "fields": {"object_name": "Проспект Мира 194", "work_name": "Ремонт покрытия асфальтобетонного проезда в рамках благоустройства территории", "quantity": 884.0, "unit": "Квадратный метр", "start_date": "2024-04-15", "end_date": "2024-08-25", "address": "проспект Мира, дом 194", "created_at": "2025-09-22T20:03:26.008Z"}}, {"model": "dataset.workspecification", "pk": 5, "fields": {"object_name": "Проспект Мира 194", "work_name": "Замена дорожного бортового камня в рамках благоустройства территории", "quantity": 216.8, "unit": "Погонный метр", "start_date": "2024-04-15", "end_date": "2024-08-25", "address": "проспект Мира, дом 194", "created_at": "2025-09-22T20:03:26.009Z"}}, {"model": "dataset.workspecification", "pk": 6, "fields": {"object_name": "Путевой 38", "work_name": "Ремонт покрытия асфальтобетонного проезда в рамках благоустройства территории", "quantity": 1333.0, "unit": "Квадратный метр", "start_date": "2024-04-15", "end_date": "2024-08-25", "address": "Путевой проезд, дом 38", "created_at": "2025-09-22T20:03:26.011Z"}}, {"model": "dataset.workspecification", "pk": 7, "fields": {"object_name": "Путевой 38", "work_name": "Устройство покрытия асфальтобетонного проезда в рамках благоустройства территории", "quantity": 151.0, "unit": "Квадратный метр", "start_date": "2024-04-15", "end_date": "2024-08-25", "address": "Путевой проезд, дом 38", "created_at": "2025-09-22T20:03:26.013Z"}}, {"model": "dataset.workspecification", "pk": 8, "fields": {"object_name": "Путевой 38", "work_name": "Ремонт покрытия асфальтобетонного тротуара в рамках благоустройства территории", "quantity": 342.0, "unit": "Квадратный метр", "start_date": "2024-04-15", "end_date": "2024-08-25", "address": "Путевой проезд, дом 38", "created_at": "2025-09-22T20:03:26.015Z"}}, {"model": "dataset.workspecification", "pk": 9, "fields": {"object_name": "Путевой 38", "work_name": "Замена дорожного бортового камня в рамках благоустройства территории", "quantity": 379.0, "unit": "Погонный метр", "start_date": "2024-04-15", "end_date": "2024-08-25", "address": "Путевой проезд, дом 38", "created_at": "2025-09-22T20:03:26.016Z"}}, {"model": "dataset.workspecification", "pk": 10, "fields": {"object_name": "Путевой 38", "work_name": "Устройство дорожного бортового камня в рамках благоустройства территории", "quantity": 57.0, "unit": "Погонный метр", "start_date": "2024-04-15", "end_date": "2024-08-25", "address": "Путевой проезд, дом 38", "created_at": "2025-09-22T20:03:26.018Z"}}, {"model": "dataset.workspecification", "pk": 11, "fields": {"object_name": "Каргопольская 18", "work_name": "Устройство садового бортового камня в рамках благоустройства территории", "quantity": 25.0, "unit": "Погонный метр", "start_date": "2024-04-15", "end_date": "2024-08-25", "address": "Каргопольская улица, д. 18", "created_at": "2025-09-22T20:03:26.019Z"}}, {"model": "dataset.workspecification", "pk": 12, "fields": {"object_name": "Каргопольская 18", "work_name": "Замена садового бортового камня в рамках благоустройства территории", "quantity": 45.0, "unit": "Погонный метр", "start_date": "2024-04-15", "end_date": "2024-08-25", "address": "Каргопольская улица, д. 18", "created_at": "2025-09-22T20:03:26.020Z"}}, {"model": "dataset.workspecification", "pk": 13, "fields": {"object_name": "Бестужевых 27", "work_name": "Ремонт асфальтобетонного покрытия проезжей части", "quantity": 450.0, "unit": "Квадратный метр", "start_date": "2024-05-01", "end_date": "2024-07-30", "address": "Бестужевых улица, д.27А", "created_at": "2025-09-22T20:03:26.022Z"}}, {"model": "dataset.workspecification", "pk": 14, "fields": {"object_name": "Флотская 54,58к1", "work_name": "Устройство тротуарного покрытия из плитки", "quantity": 280.0, "unit": "Квадратный метр", "start_date": "2024-06-01", "end_date": "2024-09-15", "address": "Флотская улица, д.54,58к1", "created_at": "2025-09-22T20:03:26.024Z"}}, {"model": "dataset.checklisttemplate", "pk": 1, "fields": {"name": "Проверка качества выполнения комплекса строительно-монтажных работ", "form_type": "opening", "description": "Форма №1 «Организация строительства»", "created_at": "2025-09-22T20:03:26.025Z"}}, {"model": "dataset.checklisttemplate", "pk": 2, "fields": {"name": "Ежедневный контроль строительства", "form_type": "daily", "description": "Форма №2 - Ежедневный контроль", "created_at": "2025-09-22T20:03:26.033Z"}}, {"model": "dataset.checklisttemplate", "pk": 3, "fields": {"name": "Контроль качества работ", "form_type": "quality", "description": "Форма №3 - Контроль качества", "created_at": "2025-09-22T20:03:26.035Z"}}, {"model": "dataset.checklistitem", "pk": 1, "fields": {"template": 1, "section": "Наличие разрешительной, организационно-технологической, рабочей документации", "item_number": "1.1", "description": "Наличие приказа на ответственное лицо, осуществляющего строительство (производство работ).", "regulatory_document": "п. 5.3. СП 48.13330.2019. Изм. №1. Организация строительства", "order": 1}}, {"model": "dataset.checklistitem", "pk": 2, "fields": {"template": 1, "section": "Наличие разрешительной, организационно-технологической, рабочей документации", "item_number": "1.2", "description": "Наличие приказа на ответственное лицо, осуществляющее строительный контроль (с указанием идентификационного номера в НРС в области строительства).", "regulatory_document": "п. 5.3. СП 48.13330.2019. Изм. №1. Организация строительства", "order": 2}}, {"model": "dataset.checklistitem", "pk": 3, "fields": {"template": 1, "section": "Наличие разрешительной, организационно-технологической, рабочей документации", "item_number": "1.3", "description": "Наличие приказа на ответственное лицо, осуществляющее подготовку проектной документации, авторский надзор", "regulatory_document": "п. 5.3. СП 48.13330.2019. Изм. №1. Организация строительства", "order": 3}}, {"model": "dataset.checklistitem", "pk": 4, "fields": {"template": 1, "section": "Наличие разрешительной, организационно-технологической, рабочей документации", "item_number": "1.4", "description": "Наличие проектной документации со штампом «В производство работ»", "regulatory_document": "п. 5.5. СП 48.13330.2019. Изм. №1. Организация строительства", "order": 4}}, {"model": "dataset.checklistitem", "pk": 5, "fields": {"template": 1, "section": "Инженерная подготовка строительной площадки", "item_number": "2.1", "description": "Наличие акта геодезической разбивочной основы, принятых знаков (реперов).", "regulatory_document": "п. 7.2. СП 48.13330.2019. Изм. №1. Организация строительства", "order": 5}}, {"model": "dataset.checklistitem", "pk": 6, "fields": {"template": 1, "section": "Инженерная подготовка строительной площадки", "item_number": "2.2", "description": "Наличие генерального плана (ситуационного плана).", "regulatory_document": "п. 7.6. СП 48.13330.2019. Изм. №1. Организация строительства", "order": 6}}, {"model": "admin.logentry", "pk": 1, "fields": {"action_time": "2025-09-24T15:30:24.928Z", "user": ["admin"], "content_type": ["projects", "project"], "object_id": "6", "object_repr": "Проект благоустройства: Проспект Мира 194 (Этап 2)", "action_flag": 3, "change_message": ""}}, {"model": "admin.logentry", "pk": 2, "fields": {"action_time": "2025-09-24T15:31:49.920Z", "user": ["admin"], "content_type": ["projects", "project"], "object_id": "7", "object_repr": "Тестовый", "action_flag": 1, "change_message": "[{\"added\": {}}]"}}, {"model": "admin.logentry", "pk": 3, "fields": {"action_time": "2025-09-25T19:47:14.567Z", "user": ["admin"], "content_type": ["projects", "project"], "object_id": "7", "object_repr": "Тестовый", "action_flag": 2, "change_message": "[{\"changed\": {\"fields\": [\"\\u041f\\u043b\\u0430\\u043d\\u043e\\u0432\\u0430\\u044f \\u0434\\u0430\\u0442\\u0430 \\u043d\\u0430\\u0447\\u0430\\u043b\\u0430\"]}}]"}}, {"model": "admin.logentry", "pk": 4, "fields": {"action_time": "2025-09-25T20:19:35.925Z", "user": ["admin"], "content_type": ["projects", "project"], "object_id": "11", "object_repr": "Тест активации для stroy_control_1", "action_flag": 3, "change_message": ""}}, {"model": "admin.logentry", "pk": 5, "fields": {"action_time": "2025-09-25T20:19:35.925Z", "user": ["admin"], "content_type": ["projects", "project"], "object_id": "10", "object_repr": "Озеленение двора на ул. Будущая, 10", "action_flag": 3, "change_message": ""}}, {"model": "admin.logentry", "pk": 6, "fields": {"action_time": "2025-09-25T20:19:35.925Z", "user": ["admin"], "content_type": ["projects", "project"], "object_id": "9", "object_repr": "Ремонт тротуаров на ул. Тестовая, 5", "action_flag": 3, "change_message": ""}}, {"model": "admin.logentry", "pk": 7, "fields": {"action_time": "2025-09-25T20:19:35.925Z", "user": ["admin"], "content_type": ["projects", "project"], "object_id": "8", "object_repr": "Благоустройство двора на ул. Тестовая, 1", "action_flag": 3, "change_message": ""}}, {"model": "admin.logentry", "pk": 8, "fields": {"action_time": "2025-09-25T20:19:35.925Z", "user": ["admin"], "content_type": ["projects", "project"], "object_id": "7", "object_repr": "Тестовый", "action_flag": 3, "change_message": ""}}, {"model": "admin.logentry", "pk": 9, "fields": {"action_time": "2025-09-25T20:26:09.544Z", "user": ["admin"], "content_type": ["projects", "project"], "object_id": "12", "object_repr": "test", "action_flag": 1, "change_message": "[{\"added\": {}}]"}}, {"model": "admin.logentry", "pk": 10, "fields": {"action_time": "2025-09-25T20:31:42.773Z", "user": ["admin"], "content_type": ["projects", "project"], "object_id": "12", "object_repr": "test", "action_flag": 2, "change_message": "[{\"changed\": {\"fields\": [\"\\u041e\\u0442\\u0432\\u0435\\u0442\\u0441\\u0442\\u0432\\u0435\\u043d\\u043d\\u044b\\u0439 \\u043e\\u0442 \\u0441\\u0442\\u0440\\u043e\\u0439\\u043a\\u043e\\u043d\\u0442\\u0440\\u043e\\u043b\\u044f\"]}}]"}}, {"model": "admin.logentry", "pk": 11, "fields": {"action_time": "2025-09-25T20:32:02.085Z", "user": ["admin"], "content_type": ["projects", "project"], "object_id": "12", "object_repr": "test", "action_flag": 2, "change_message": "[{\"changed\": {\"fields\": [\"\\u041e\\u0442\\u0432\\u0435\\u0442\\u0441\\u0442\\u0432\\u0435\\u043d\\u043d\\u044b\\u0439 \\u043e\\u0442 \\u0441\\u0442\\u0440\\u043e\\u0439\\u043a\\u043e\\u043d\\u0442\\u0440\\u043e\\u043b\\u044f\"]}}]"}}, {"model": "admin.logentry", "pk": 12, "fields": {"action_time": "2025-09-25T20:39:56.295Z", "user": ["admin"], "content_type": ["projects", "project"], "object_id": "12", "object_repr": "test", "action_flag": 3, "change_message": ""}}, {"model": "admin.logentry", "pk": 13, "fields": {"action_time": "2025-09-25T21:41:51.878Z", "user": ["admin"], "content_type": ["projects", "project"], "object_id": "13", "object_repr": "Готов к активации СЕГОДНЯ", "action_flag": 3, "change_message": ""}}, {"model": "admin.logentry", "pk": 14, "fields": {"action_time": "2025-09-25T21:42:50.140Z", "user": ["admin"], "content_type": ["projects", "project"], "object_id": "4", "object_repr": "Проект благоустройства: Путевой 38", "action_flag": 2, "change_message": "[{\"changed\": {\"fields\": [\"\\u0427\\u0435\\u043a-\\u043b\\u0438\\u0441\\u0442 \\u043e\\u0442\\u043a\\u0440\\u044b\\u0442\\u0438\\u044f \\u0437\\u0430\\u043f\\u043e\\u043b\\u043d\\u0435\\u043d\"]}}]"}}, {"model": "admin.logentry", "pk": 15, "fields": {"action_time": "2025-09-25T21:52:25.872Z", "user": ["admin"], "content_type": ["projects", "projectactivation"], "object_id": "11", "object_repr": "Активация: Проект благоустройства: Каргопольская 18 (Активирован)", "action_flag": 1, "change_message": "[{\"added\": {}}]"}}, {"model": "admin.logentry", "pk": 16, "fields": {"action_time": "2025-09-25T21:52:48.786Z", "user": ["admin"], "content_type": ["projects", "projectactivation"], "object_id": "11", "object_repr": "Активация: Проект благоустройства: Каргопольская 18 (Активирован)", "action_flag": 2, "change_message": "[{\"changed\": {\"fields\": [\"\\u041f\\u0440\\u043e\\u0432\\u0435\\u0440\\u044f\\u044e\\u0449\\u0438\\u0439 \\u0438\\u043d\\u0441\\u043f\\u0435\\u043a\\u0442\\u043e\\u0440\"]}}]"}}, {"model": "admin.logentry", "pk": 17, "fields": {"action_time": "2025-09-25T21:52:57.457Z", "user": ["admin"], "content_type": ["projects", "projectactivation"], "object_id": "11", "object_repr": "Активация: Проект благоустройства: Каргопольская 18 (Активирован)", "action_flag": 2, "change_message": "[]"}}, {"model": "admin.logentry", "pk": 18, "fields": {"action_time": "2025-09-25T21:53:12.559Z", "user": ["admin"], "content_type": ["projects", "projectactivation"], "object_id": "11", "object_repr": "Активация: Проект благоустройства: Каргопольская 18 (Активирован)", "action_flag": 2, "change_message": "[{\"changed\": {\"fields\": [\"\\u0418\\u043d\\u0438\\u0446\\u0438\\u0438\\u0440\\u043e\\u0432\\u0430\\u043b \\u0430\\u043a\\u0442\\u0438\\u0432\\u0430\\u0446\\u0438\\u044e\", \"\\u041f\\u0440\\u043e\\u0432\\u0435\\u0440\\u044f\\u044e\\u0449\\u0438\\u0439 \\u0438\\u043d\\u0441\\u043f\\u0435\\u043a\\u0442\\u043e\\u0440\"]}}]"}}, {"model": "admin.logentry", "pk": 19, "fields": {"action_time": "2025-09-25T21:54:14.738Z", "user": ["admin"], "content_type": ["projects", "projectactivation"], "object_id": "10", "object_repr": "Активация: Проект благоустройства: Бестужевых 27 (Активирован)", "action_flag": 2, "change_message": "[{\"changed\": {\"fields\": [\"\\u0421\\u0442\\u0430\\u0442\\u0443\\u0441 \\u0430\\u043a\\u0442\\u0438\\u0432\\u0430\\u0446\\u0438\\u0438\"]}}]"}}, {"model": "admin.logentry", "pk": 20, "fields": {"action_time": "2025-09-25T21:54:22.442Z", "user": ["admin"], "content_type": ["projects", "projectactivation"], "object_id": "9", "object_repr": "Активация: Проект благоустройства: Проспект Мира 194 (Активирован)", "action_flag": 2, "change_message": "[{\"changed\": {\"fields\": [\"\\u0421\\u0442\\u0430\\u0442\\u0443\\u0441 \\u0430\\u043a\\u0442\\u0438\\u0432\\u0430\\u0446\\u0438\\u0438\"]}}]"}}, {"model": "admin.logentry", "pk": 21, "fields": {"action_time": "2025-09-25T21:54:27.036Z", "user": ["admin"], "content_type": ["projects", "projectactivation"], "object_id": "8", "object_repr": "Активация: Проект благоустройства: Путевой 38 (Активирован)", "action_flag": 2, "change_message": "[{\"changed\": {\"fields\": [\"\\u0421\\u0442\\u0430\\u0442\\u0443\\u0441 \\u0430\\u043a\\u0442\\u0438\\u0432\\u0430\\u0446\\u0438\\u0438\"]}}]"}}, {"model": "admin.logentry", "pk": 22, "fields": {"action_time": "2025-09-25T21:54:30.828Z", "user": ["admin"], "content_type": ["projects", "projectactivation"], "object_id": "7", "object_repr": "Активация: Проект благоустройства: Флотская 54,58к1 (Активирован)", "action_flag": 2, "change_message": "[{\"changed\": {\"fields\": [\"\\u0421\\u0442\\u0430\\u0442\\u0443\\u0441 \\u0430\\u043a\\u0442\\u0438\\u0432\\u0430\\u0446\\u0438\\u0438\"]}}]"}}]